Workbook

Sheet Master Database
A1: ID | B1: Compound (EN) | C1: Compound (AR) | D1: City | E1: District | F1: Address | G1: Google Maps | H1: Latitude | I1: Longitude | J1: Compound Type | K1: Category | L1: Status | M1: Opened | N1: Units | O1: Unit Types | P1: Facilities | Q1: Website | R1: Main Phone | S1: Mobile | T1: WhatsApp | U1: Emails | V1: Instagram | W1: Facebook | X1: LinkedIn | Y1: Other Social | Z1: Owner | AA1: Developer | AB1: Property Manager / Operator | AC1: Management Type | AD1: Ownership Source | AE1: Contact Verification | AF1: Opportunities | AG1: Size (20) | AH1: Fit (25) | AI1: Need (20) | AJ1: Contact (15) | AK1: Party (10) | AL1: Collab (10) | AM1: Lead Score | AN1: Priority | AO1: Notes | AP1: Sources | AQ1: Last Checked
A2: KHB-001 | B2: Canary Village | D2: Al Khobar | F2: KSA | G2: Open map | H2: 26.349239 | I2: 50.186673 | J2: Villa Compound | K2: Residential compound | L2: Operating (listed) | N2: 159 | O2: Furnished 3-bed villas | P2: Gym Swimming Pool Reserved Parking Baby Nursery Beauty Salon Restaurant Ballroom Billiard Tables Squash Court Basketball Court Volleyball Court Wireless Internet Tennis Court Satellite Cable Pre-school Centre Recreational Room Table Tennis Bus Transp | Q2: https://www.canaryvillage.com/ | R2: +966138590895 | S2: +966534022218 | U2: leasing@canaryvillage.com ; rental.office@canaryvillage.com | V2: https://www.instagram.com/canaryvillage | W2: https://www.facebook.com/canary.canary.714 | Y2: https://twitter.com/canaryvillage | Z2: Rashed Al Rashed & Sons Group | AC2: Owner Managed | AD2: https://rightcompound.com/compounds/khobar/canary-village | AE2: Verified | AF2: Property management, Marketing & leasing, Paid ad campaigns | AG2: 15 | AH2: 8 | AI2: 6 | AJ2: 15 | AK2: 10 | AL2: 5 | AM2: =SUM(AG2:AL2) -> 59 | AN2: =IF(AM2>=80,"A",IF(AM2>=60,"B","C")) -> C | AP2: https://rightcompound.com/compounds/khobar/canary-village ; https://whichschooladvisor.com/saudi/area-guide/eastern-province/al-khobar ; https://www.expat.com/en/forum/middle-east/saudi-arabia/khobar/778968-list-of-some-compounds-in-al-khobar-ksa.html ; https://www.canaryvillage.com/ | AQ2: 2026-10-11
A3: KHB-002 | B3: Canary Vista | D3: Al Khobar | E3: Al Maha / Al Aziziyah | J3: Villa Compound | K3: Residential compound | L3: Operating (listed) | N3: 326 | O3: Villas | Q3: https://canary-vista.com/ | R3: +966138494999 | S3: +966534022276 | U3: rentaloffice@canaryvista.com | V3: https://instagram.com/canaryvistacommunity | W3: https://www.facebook.com/2070283359669619 | AC3: Unknown | AE3: Verified | AF3: Property management, Marketing & leasing, Paid ad campaigns | AG3: 20 | AH3: 8 | AI3: 6 | AJ3: 15 | AK3: 0 | AL3: 0 | AM3: =SUM(AG3:AL3) -> 49 | AN3: =IF(AM3>=80,"A",IF(AM3>=60,"B","C")) -> C | AO3: Former owner Qatif Concessions Management Co. (ExxonMobil) until 2007 per WhichSchoolAdvisor; current owner not confirmed. Same 013 849 4999 number also appears on a Dhahran Tower Beach listing. | AP3: https://whichschooladvisor.com/saudi/area-guide/eastern-province/al-khobar ; https://compoundin.com/compounds/khobar/canary-vista ; https://canary-vista.com/ | AQ3: 2026-10-11
A4: KHB-003 | B4: Eurovillage | D4: Al Khobar | E4: Prince Sultan Road (central Khobar) | J4: Villa Compound | K4: Residential compound | L4: Operating (listed) | N4: 560 | O4: Villas | Q4: https://www.eurovillage.sa/ | R4: 0138579780 | V4: https://www.instagram.com/eurovillage_compound | W4: https://www.facebook.com/EuroVillageSA | X4: https://www.linkedin.com/company/eurovillage-compound | AC4: Unknown | AE4: Verified | AF4: Property management, Paid ad campaigns | AG4: 20 | AH4: 8 | AI4: 0 | AJ4: 10 | AK4: 0 | AL4: 0 | AM4: =SUM(AG4:AL4) -> 38 | AN4: =IF(AM4>=80,"A",IF(AM4>=60,"B","C")) -> C | AO4: 'Over 560 villas' per expat guides; unit count not stated on official site. | AP4: https://soulofsaudi.com/best-compounds-in-saudi-arabia-for-expats/ ; https://www.expat.com/en/forum/middle-east/saudi-arabia/khobar/778968-list-of-some-compounds-in-al-khobar-ksa.html ; https://www.eurovillage.sa/contact/ | AQ4: 2026-10-11
A5: KHB-004 | B5: Las Dunas Compound | D5: Al Khobar | E5: Ar Rawabi | J5: Villa Compound | K5: Residential compound | L5: Operating (listed) | Q5: https://www.lasdunas-sa.com/ | S5: +966505876327 | U5: info@lasdunas-sa.com | AC5: Unknown | AE5: Verified | AF5: Property management, Marketing & leasing, Social media management | AG5: 0 | AH5: 8 | AI5: 6 | AJ5: 15 | AK5: 0 | AL5: 0 | AM5: =SUM(AG5:AL5) -> 29 | AN5: =IF(AM5>=80,"A",IF(AM5>=60,"B","C")) -> C | AP5: https://whichschooladvisor.com/saudi/area-guide/eastern-province/al-khobar ; https://www.lasdunas-sa.com/ | AQ5: 2026-10-11
A6: KHB-005 | B6: Riviera Waterfront Village | C6: ريفييرا قرية الواجهة البحرية | D6: Al Khobar | E6: Ishbiliya | F6: Ishbiliya, Al Khobar 34712 | G6: Open map | H6: 26.200206 | I6: 50.216558 | J6: Luxury Residential Compound | K6: Residential compound | L6: Operating (listed) | O6: Studios, 1-3 bed apartments, villas | P6: Gym Swimming Pool Kindergarten Reserved Parking Baby Nursery Beauty Salon Restaurant Ballroom Snack Bar Billiard Tables Squash Court Basketball Court Wireless Internet Tennis Court Satellite Cable Commercial Centre Recreational Room Business Centre T | Q6: https://www.rivieracompound.com/ | R6: 0138193555 | S6: 0580875741 | V6: https://www.instagram.com/rivieracompound | W6: https://www.facebook.com/Rivieracompoundsa | X6: https://www.linkedin.com/showcase/rivieracompound | Y6: https://www.snapchat.com/add/compoundriviera ; https://twitter.com/RivieraCompound | AC6: Unknown | AE6: Verified | AF6: Property management, Marketing & leasing, Paid ad campaigns | AG6: 0 | AH6: 8 | AI6: 6 | AJ6: 10 | AK6: 0 | AL6: 5 | AM6: =SUM(AG6:AL6) -> 29 | AN6: =IF(AM6>=80,"A",IF(AM6>=60,"B","C")) -> C | AP6: https://rightcompound.com/compounds/khobar/riviera-waterfront-village ; https://whichschooladvisor.com/saudi/area-guide/eastern-province/al-khobar ; https://www.rivieracompound.com/ | AQ6: 2026-10-11
A7: KHB-006 | B7: Al Mohamadia Compound | C7: مجمع المحمدية | D7: Al Khobar | E7: Al Sadafah | F7: Al Khobar | G7: Open map | H7: 26.366418 | I7: 50.210438 | J7: Mixed Residential Compound | K7: Residential compound | L7: Operating (listed) | N7: 262 | O7: Villas, apartments, studios | P7: Gym Swimming Pool Reserved Parking Baby Nursery Beauty Salon Restaurant Snack Bar Billiard Tables Basketball Court Volleyball Court Wireless Internet Tennis Court Satellite Cable Recreational Room Table Tennis Bus Transportation | Q7: https://www.al-othman.com/ar/al-mohamadia-compound | R7: +966138142288 | U7: info@al-othman.com | V7: https://instagram.com/alothman.holding | W7: https://www.facebook.com/pages/AlOthman-Holding/1492267767733144 | X7: https://www.linkedin.com/company/al--othman-holding-company | Z7: Al Othman Holding Company | AB7: Al Othman Holding Company | AC7: Owner Managed | AD7: https://rightcompound.com/compounds/khobar/mohamadia-compound | AE7: Verified | AF7: Property management, Marketing & leasing, Paid ad campaigns | AG7: 20 | AH7: 8 | AI7: 6 | AJ7: 15 | AK7: 10 | AL7: 5 | AM7: =SUM(AG7:AL7) -> 64 | AN7: =IF(AM7>=80,"A",IF(AM7>=60,"B","C")) -> B | AO7: Unit count differs: 262 (Property Finder), 96 (RightCompound), 1,152 (WhichSchoolAdvisor). Contacts are the holding company's. | AP7: https://rightcompound.com/compounds/khobar/mohamadia-compound ; https://www.propertyfinder.sa/blog/%D9%83%D9%85%D8%A8%D9%88%D9%86%D8%AF%D8%A7%D8%AA-%D8%A7%D9%84%D8%AE%D8%A8%D8%B1-%D9%85%D8%AC%D9%85%D8%B9%D8%A7%D8%AA-%D8%B3%D9%83%D9%86%D9%8A%D8%A9-%D8%B9%D8%A7%D9%84%D9%85%D9%8A%D8%A9-%D8%B9%D9%84/ ; https://whichschooladvisor.com/saudi/area-guide/eastern-province/al-khobar ; https://www.al-othman.com/ar/al-mohamadia-compound | AQ7: 2026-10-11
A8: KHB-007 | B8: Zamil Village | D8: Al Khobar | E8: Al Qashlah | F8: 958F+CJ8, Al Qashlah, Al Khobar 34232 | G8: Open map | H8: 26.367623 | I8: 50.17397 | J8: Mixed Residential Compound | K8: Residential compound | L8: Operating (listed) | N8: 254 | O8: 168 apartments, 86 villas | P8: Gym Swimming Pool Kindergarten Reserved Parking Baby Nursery Library Beauty Salon Restaurant Ballroom Snack Bar Billiard Tables Squash Court Basketball Court Volleyball Court Wireless Internet Tennis Court Satellite Cable Pre-school Centre Recreation | Q8: https://zamilrealestate.com/en | R8: +966138136225 | T8: +966138136225 | U8: info@zamilre.com ; marketing@zamilre.com | Y8: https://x.com/ZamilGroup | Z8: Zamil Real Estate | AB8: Zamil Real Estate | AC8: Developer Managed | AD8: https://whichschooladvisor.com/saudi/area-guide/eastern-province/al-khobar | AE8: Verified | AF8: Marketing & leasing, Paid ad campaigns | AG8: 20 | AH8: 8 | AI8: 6 | AJ8: 15 | AK8: 10 | AL8: 5 | AM8: =SUM(AG8:AL8) -> 64 | AN8: =IF(AM8>=80,"A",IF(AM8>=60,"B","C")) -> B | AP8: https://rightcompound.com/compounds/khobar/zamil-village-residential-compound ; https://whichschooladvisor.com/saudi/area-guide/eastern-province/al-khobar ; https://zamilrealestate.com/en | AQ8: 2026-10-11
A9: KHB-008 | B9: Wadi Village | D9: Al Khobar | E9: Qurtubah | F9: Al Khobar | G9: Open map | H9: 26.249144 | I9: 50.160377 | J9: Luxury Residential Compound | K9: Residential compound | L9: Operating (listed) | N9: 52 | O9: Villas and apartments | P9: Gym Swimming Pool Reserved Parking Library Restaurant Billiard Tables Squash Court Basketball Court Volleyball Court Wireless Internet Tennis Court Satellite Cable Recreational Room Table Tennis Bus Transportation Garbage Chute Children Playground Pe | AC9: Third-Party Property Management | AE9: Not Available | AF9: Marketing & leasing, Social media management, Content & photography | AG9: 10 | AH9: 8 | AI9: 20 | AJ9: 0 | AK9: 0 | AL9: 5 | AM9: =SUM(AG9:AL9) -> 43 | AN9: =IF(AM9>=80,"A",IF(AM9>=60,"B","C")) -> C | AO9: WhichSchoolAdvisor says 'British management' (unnamed) and links to zamilrealestate.com; operator not confirmed. | AP9: https://rightcompound.com/compounds/khobar/al-wadi-village ; https://whichschooladvisor.com/saudi/area-guide/eastern-province/al-khobar | AQ9: 2026-10-11
A10: KHB-009 | B10: Arabian Village (Arabian Homes) | D10: Al Khobar | E10: Qurtubah | F10: Qutuba district , Al Khobar | G10: Open map | H10: 26.336099 | I10: 50.181813 | J10: Mixed Residential Compound | K10: Residential compound | L10: Operating (listed) | M10: 2008 | N10: 134 | O10: 108 apartments, 26 villas | P10: Gym Swimming Pool Reserved Parking Baby Nursery Library Restaurant Billiard Tables Squash Court Basketball Court Volleyball Court Wireless Internet Tennis Court Satellite Cable Recreational Room Table Tennis Bus Transportation Garbage Chute Children | AC10: Third-Party Property Management | AE10: Not Available | AF10: Marketing & leasing, Social media management, Content & photography | AG10: 15 | AH10: 8 | AI10: 20 | AJ10: 0 | AK10: 0 | AL10: 5 | AM10: =SUM(AG10:AL10) -> 48 | AN10: =IF(AM10>=80,"A",IF(AM10>=60,"B","C")) -> C | AO10: Units: 134 (WhichSchoolAdvisor) vs 126 (RightCompound). 'Managed by a British team' (unnamed). | AP10: https://rightcompound.com/compounds/khobar/arabian-homes-al-khobar ; https://whichschooladvisor.com/saudi/area-guide/eastern-province/al-khobar | AQ10: 2026-10-11
A11: KHB-010 | B11: Retal Residence | D11: Al Khobar | E11: Al Rakah | F11: Retal Residence - 9268 Salma Bin Suliman Str. | G11: Open map | H11: 26.377357 | I11: 50.218291 | J11: Mixed Residential Compound | K11: Residential compound | L11: Operating (listed) | P11: Gym Swimming Pool Kindergarten Reserved Parking Baby Nursery Library Beauty Salon Restaurant Ballroom Snack Bar Billiard Tables Squash Court Basketball Court Volleyball Court Wireless Internet Tennis Court Satellite Cable Pre-school Centre Commercial | Q11: https://www.retalresidence.com/ | R11: +966138259600 | T11: +966562416136 | U11: info@retalresidence.com ; sales@retalresidence.com | AC11: Unknown | AE11: Verified | AF11: Property management, Marketing & leasing, Social media management | AG11: 0 | AH11: 8 | AI11: 12 | AJ11: 15 | AK11: 0 | AL11: 5 | AM11: =SUM(AG11:AL11) -> 40 | AN11: =IF(AM11>=80,"A",IF(AM11>=60,"B","C")) -> C | AP11: https://rightcompound.com/compounds/khobar/retal-residence ; https://compoundin.com/rent/listing/1/0/0-0 ; https://www.retalresidence.com/ | AQ11: 2026-10-11
A12: KHB-011 | B12: Grand Village | C12: جراند فيلج | D12: Al Khobar | E12: North Khobar (Prince Saud Al Faisal Rd) | J12: Luxury Residential Compound | K12: Residential compound | L12: Operating (listed) | O12: Villas, townhouses, duplexes (furnished) | Q12: https://www.grandvillage.com.sa/ | S12: +966551222424 | U12: info@grandvillage.com.sa | AC12: Unknown | AE12: Cross-Checked | AF12: Property management, Marketing & leasing, Social media management | AG12: 0 | AH12: 8 | AI12: 12 | AJ12: 15 | AK12: 0 | AL12: 0 | AM12: =SUM(AG12:AL12) -> 35 | AN12: =IF(AM12>=80,"A",IF(AM12>=60,"B","C")) -> C | AP12: https://www.propertyfinder.sa/blog/%D9%83%D9%85%D8%A8%D9%88%D9%86%D8%AF%D8%A7%D8%AA-%D8%A7%D9%84%D8%AE%D8%A8%D8%B1-%D9%85%D8%AC%D9%85%D8%B9%D8%A7%D8%AA-%D8%B3%D9%83%D9%86%D9%8A%D8%A9-%D8%B9%D8%A7%D9%84%D9%85%D9%8A%D8%A9-%D8%B9%D9%84/ ; https://www.grandvillage.com.sa/ | AQ12: 2026-10-11
A13: KHB-012 | B13: Alef Compound | D13: Al Khobar | E13: Ishbiliya / Aziziyah | F13: Ishbilia district, Aziziah | G13: Open map | H13: 26.200387 | I13: 50.215008 | J13: Villa Compound | K13: Residential compound | L13: Operating (listed) | P13: Gym Swimming Pool Kindergarten Reserved Parking Baby Nursery Restaurant Snack Bar Billiard Tables Wireless Internet Satellite Cable Recreational Room Table Tennis Bus Transportation Garbage Chute Children Playground Pest Control Security 24/7 Laundry | Q13: https://alef-home.com/ | U13: info@alef-home.com | V13: https://www.instagram.com/alefkhobar | W13: https://www.facebook.com/Alef-Home-Compound-Khobar-Saudi-Arabia-105496395332383 | Y13: https://twitter.com/AlefHome | AC13: Unknown | AE13: Verified | AF13: Property management, Marketing & leasing, Paid ad campaigns | AG13: 0 | AH13: 8 | AI13: 6 | AJ13: 10 | AK13: 0 | AL13: 5 | AM13: =SUM(AG13:AL13) -> 29 | AN13: =IF(AM13>=80,"A",IF(AM13>=60,"B","C")) -> C | AP13: https://rightcompound.com/compounds/khobar/alef-compound ; https://www.expat.com/en/forum/middle-east/saudi-arabia/khobar/778968-list-of-some-compounds-in-al-khobar-ksa.html ; https://alef-home.com/ | AQ13: 2026-10-11
A14: KHB-013 | B14: Al Ansari Compound One | D14: Al Khobar | F14: Al Khobar | G14: Open map | H14: 26.338191 | I14: 50.179667 | J14: Mixed Residential Compound | K14: Residential compound | L14: Operating (listed) | P14: Gym Swimming Pool Kindergarten Reserved Parking Baby Nursery Billiard Tables Squash Court Basketball Court Volleyball Court Wireless Internet Tennis Court Satellite Cable Recreational Room Bus Transportation Garbage Chute Children Playground Pest Con | Q14: https://alansari.com.sa/ | R14: +966138098913 | S14: +966531223352 | U14: info@alansari.com | X14: https://www.linkedin.com/company/al-ansari-holding-group | Z14: Al Ansari Holding Group (name association) | AB14: Abyan Real Estate Company | AC14: Third-Party Property Management | AD14: https://rightcompound.com/compounds/khobar/al-ansary-compound | AE14: Unverified | AF14: Marketing & leasing, Paid ad campaigns | AG14: 0 | AH14: 8 | AI14: 6 | AJ14: 5 | AK14: 10 | AL14: 5 | AM14: =SUM(AG14:AL14) -> 34 | AN14: =IF(AM14>=80,"A",IF(AM14>=60,"B","C")) -> C | AO14: Owner link to Al Ansari Holding inferred from WhichSchoolAdvisor linking alansari.com.sa; not confirmed. | AP14: https://rightcompound.com/compounds/khobar/al-ansary-compound ; https://www.expat.com/en/forum/middle-east/saudi-arabia/khobar/778968-list-of-some-compounds-in-al-khobar-ksa.html ; https://alansari.com.sa/contact-us/ | AQ14: 2026-10-11
A15: KHB-014 | B15: Al Ansari Compound Two | D15: Al Khobar | E15: Beside French School of Khobar | F15: Al Khobar, beside the French school of Khobar | G15: Open map | H15: 26.324749 | I15: 50.192349 | J15: Mixed Residential Compound | K15: Residential compound | L15: Operating (listed) | N15: 86 | O15: 1-3 bed apartments, 3-bed villas | P15: Gym Swimming Pool Kindergarten Reserved Parking Snack Bar Billiard Tables Squash Court Basketball Court Volleyball Court Wireless Internet Tennis Court Satellite Cable Recreational Room Business Centre Table Tennis Bus Transportation Garbage Chute Ch | Q15: https://alansari.com.sa/ | S15: +966531223352 | AB15: Abyan Real Estate Company | AC15: Third-Party Property Management | AD15: https://rightcompound.com/compounds/khobar/al-ansari-compound-two-al-khobar | AE15: Unverified | AF15: Marketing & leasing, Social media management | AG15: 10 | AH15: 8 | AI15: 12 | AJ15: 5 | AK15: 10 | AL15: 5 | AM15: =SUM(AG15:AL15) -> 50 | AN15: =IF(AM15>=80,"A",IF(AM15>=60,"B","C")) -> C | AP15: https://rightcompound.com/compounds/khobar/al-ansari-compound-two-al-khobar ; https://whichschooladvisor.com/saudi/area-guide/eastern-province/al-khobar | AQ15: 2026-10-11
A16: KHB-015 | B16: Black Pearl Residential Compound | C16: مجمع اللؤلؤة السوداء (بلاك بيرل) | D16: Al Khobar | E16: Al Aziziyah | F16: Azzizyah | G16: Open map | H16: 26.205285 | I16: 50.181047 | J16: Luxury Residential Compound | K16: Residential compound | L16: Operating (listed) | N16: 138 | O16: VIP villas 272 sqm, villas 232 sqm, apartments 107 sqm | P16: Gym Swimming Pool Kindergarten Restaurant Billiard Tables Squash Court Basketball Court Volleyball Court Wireless Internet Tennis Court Satellite Cable Recreational Room Table Tennis Bus Transportation Children Playground Pest Control Security 24/7 M | Q16: https://www.aswadgroup.com/info/al-aswad-compound | R16: +966138055050 | S16: +966503105813 | U16: info@aswadgroup.com | Z16: Aswad Group (Al Aswad Compound) | AC16: Owner Managed | AD16: https://www.aswadgroup.com/info/al-aswad-compound | AE16: Verified | AF16: Property management, Marketing & leasing, Social media management | AG16: 15 | AH16: 8 | AI16: 12 | AJ16: 15 | AK16: 10 | AL16: 5 | AM16: =SUM(AG16:AL16) -> 65 | AN16: =IF(AM16>=80,"A",IF(AM16>=60,"B","C")) -> B | AP16: https://rightcompound.com/compounds/khobar/black-pearl-residential-compound ; https://whichschooladvisor.com/saudi/area-guide/eastern-province/al-khobar ; https://www.propertyfinder.sa/blog/%D9%83%D9%85%D8%A8%D9%88%D9%86%D8%AF%D8%A7%D8%AA-%D8%A7%D9%84%D8%AE%D8%A8%D8%B1-%D9%85%D8%AC%D9%85%D8%B9%D8%A7%D8%AA-%D8%B3%D9%83%D9%86%D9%8A%D8%A9-%D8%B9%D8%A7%D9%84%D9%85%D9%8A%D8%A9-%D8%B9%D9%84/ ; https://www.aswadgroup.com/info/al-aswad-compound | AQ16: 2026-10-11
A17: KHB-016 | B17: Jzala Residential Compound | C17: كمبوند جزالا | D17: Al Khobar | E17: King Saud St (Old Airport Rd) | F17: King Saud St | G17: Open map | H17: 26.335634 | I17: 50.17971 | J17: Villa Compound | K17: Residential compound | L17: Operating (listed) | N17: 100 | O17: Villas 240/260 sqm | P17: Gym Swimming Pool Reserved Parking Baby Nursery Library Restaurant Ballroom Snack Bar Squash Court Basketball Court Volleyball Court Wireless Internet Tennis Court Satellite Cable Recreational Room Business Centre Table Tennis Bus Transportation | S17: 0507328261 | U17: j1@jzala.net | AC17: Unknown | AE17: Cross-Checked | AF17: Property management, Marketing & leasing, Social media management, Content & photography, Integrated services | AG17: 15 | AH17: 8 | AI17: 20 | AJ17: 15 | AK17: 0 | AL17: 5 | AM17: =SUM(AG17:AL17) -> 63 | AN17: =IF(AM17>=80,"A",IF(AM17>=60,"B","C")) -> B | AO17: 'More than 100 villas' (Property Finder). | AP17: https://rightcompound.com/compounds/khobar/jzala-residential-compound-i ; https://www.expat.com/en/forum/middle-east/saudi-arabia/khobar/778968-list-of-some-compounds-in-al-khobar-ksa.html ; https://www.propertyfinder.sa/blog/%D9%83%D9%85%D8%A8%D9%88%D9%86%D8%AF%D8%A7%D8%AA-%D8%A7%D9%84%D8%AE%D8%A8%D8%B1-%D9%85%D8%AC%D9%85%D8%B9%D8%A7%D8%AA-%D8%B3%D9%83%D9%86%D9%8A%D8%A9-%D8%B9%D8%A7%D9%84%D9%85%D9%8A%D8%A9-%D8%B9%D9%84/ | AQ17: 2026-10-11
A18: KHB-017 | B18: Al Fares Residential Compound | C18: مجمع الفارس السكني | D18: Al Khobar | E18: Al Manara Al Bayda St (near Corniche) | F18: 7292 Al Manarah Al Bayda | G18: Open map | H18: 26.327196 | I18: 50.225152 | J18: Villa Compound | K18: Residential compound | L18: Operating (listed) | N18: 15 | O18: 4-bed villas 240 sqm | P18: Gym Swimming Pool Reserved Parking Ballroom Billiard Tables Wireless Internet Satellite Cable Table Tennis Children Playground Pest Control Security 24/7 Maintenance Barbecue Area Outdoor Children Playground Multipurpose Hall Shaded Parking Area Saun | S18: 0500733111 | U18: kazlak@alworoud.com | AC18: Unknown | AE18: Unverified | AF18: Property management, Marketing & leasing, Social media management, Content & photography, Integrated services | AG18: 5 | AH18: 8 | AI18: 20 | AJ18: 5 | AK18: 0 | AL18: 5 | AM18: =SUM(AG18:AL18) -> 43 | AN18: =IF(AM18>=80,"A",IF(AM18>=60,"B","C")) -> C | AO18: 15 villas (Property Finder) vs 16 (RightCompound). | AP18: https://rightcompound.com/compounds/khobar/alfares-compound ; https://www.propertyfinder.sa/blog/%D9%83%D9%85%D8%A8%D9%88%D9%86%D8%AF%D8%A7%D8%AA-%D8%A7%D9%84%D8%AE%D8%A8%D8%B1-%D9%85%D8%AC%D9%85%D8%B9%D8%A7%D8%AA-%D8%B3%D9%83%D9%86%D9%8A%D8%A9-%D8%B9%D8%A7%D9%84%D9%85%D9%8A%D8%A9-%D8%B9%D9%84/ | AQ18: 2026-10-11
A19: KHB-018 | B19: Al Remal Village | C19: مجمع الرمال السكني | D19: Al Khobar | E19: Al Andalus / Golden Belt (Al Quds St) | J19: Mixed Residential Compound | K19: Residential compound | L19: Unknown | N19: 124 | O19: Villas, duplexes, townhouses, 1-2 bed apartments | R19: 920004598 | S19: 0508146999 | AC19: Unknown | AE19: Unverified | AF19: Property management, Marketing & leasing, Social media management, Content & photography, Integrated services | AG19: 15 | AH19: 8 | AI19: 20 | AJ19: 5 | AK19: 0 | AL19: 0 | AM19: =SUM(AG19:AL19) -> 48 | AN19: =IF(AM19>=80,"A",IF(AM19>=60,"B","C")) -> C | AP19: https://whichschooladvisor.com/saudi/area-guide/eastern-province/al-khobar ; https://www.propertyfinder.sa/blog/%D9%83%D9%85%D8%A8%D9%88%D9%86%D8%AF%D8%A7%D8%AA-%D8%A7%D9%84%D8%AE%D8%A8%D8%B1-%D9%85%D8%AC%D9%85%D8%B9%D8%A7%D8%AA-%D8%B3%D9%83%D9%86%D9%8A%D8%A9-%D8%B9%D8%A7%D9%84%D9%85%D9%8A%D8%A9-%D8%B9%D9%84/ | AQ19: 2026-10-11
A20: KHB-019 | B20: Nesma Compound | C20: كمباوند نسمة | D20: Al Khobar | E20: Al Jawhara (Al Quds St) | J20: Villa Compound | K20: Residential compound | L20: Unknown | O20: Villas | R20: +966138871838 | S20: 0535553932 | X20: https://www.linkedin.com/company/nesma-holding | Z20: Nesma Real Estate Company (per Property Finder) | AC20: Owner Managed | AD20: https://www.propertyfinder.sa/blog/%D9%83%D9%85%D8%A8%D9%88%D9%86%D8%AF%D8%A7%D8%AA-%D8%A7%D9%84%D8%AE%D8%A8%D8%B1-%D9%85%D8%AC%D9%85%D8%B9%D8%A7%D8%AA-%D8%B3%D9%83%D9%86%D9%8A%D8%A9-%D8%B9%D8%A7%D9%84%D9%85%D9%8A%D8%A9-%D8%B9%D9%84/ | AE20: Unverified | AF20: Property management, Marketing & leasing, Content & photography, Paid ad campaigns, Integrated services | AG20: 0 | AH20: 8 | AI20: 14 | AJ20: 5 | AK20: 10 | AL20: 0 | AM20: =SUM(AG20:AL20) -> 37 | AN20: =IF(AM20>=80,"A",IF(AM20>=60,"B","C")) -> C | AP20: https://www.propertyfinder.sa/blog/%D9%83%D9%85%D8%A8%D9%88%D9%86%D8%AF%D8%A7%D8%AA-%D8%A7%D9%84%D8%AE%D8%A8%D8%B1-%D9%85%D8%AC%D9%85%D8%B9%D8%A7%D8%AA-%D8%B3%D9%83%D9%86%D9%8A%D8%A9-%D8%B9%D8%A7%D9%84%D9%85%D9%8A%D8%A9-%D8%B9%D9%84/ | AQ20: 2026-10-11
A21: KHB-020 | B21: Qurtuba Residential Complex | C21: مجمع قرطبة السكني | D21: Al Khobar | E21: Qurtubah (Prince Sultan Rd) | J21: Apartment Compound | K21: Residential compound | L21: Unknown | N21: 46 | O21: Furnished studios, 1-2 bed apartments | AC21: Unknown | AE21: Not Available | AF21: Property management, Marketing & leasing, Social media management, Content & photography, Integrated services | AG21: 5 | AH21: 8 | AI21: 20 | AJ21: 0 | AK21: 0 | AL21: 0 | AM21: =SUM(AG21:AL21) -> 33 | AN21: =IF(AM21>=80,"A",IF(AM21>=60,"B","C")) -> C | AP21: https://www.propertyfinder.sa/blog/%D9%83%D9%85%D8%A8%D9%88%D9%86%D8%AF%D8%A7%D8%AA-%D8%A7%D9%84%D8%AE%D8%A8%D8%B1-%D9%85%D8%AC%D9%85%D8%B9%D8%A7%D8%AA-%D8%B3%D9%83%D9%86%D9%8A%D8%A9-%D8%B9%D8%A7%D9%84%D9%85%D9%8A%D8%A9-%D8%B9%D9%84/ | AQ21: 2026-10-11
A22: KHB-021 | B22: Retal Khobar (Rtal Square) | C22: كمباوند رتال الخبر | D22: Al Khobar | E22: Al Bandariyah | J22: Apartment Compound | K22: Residential compound | L22: Unknown | N22: 96 | O22: 2-4 bed apartments (for sale) | R22: +966920021022 | AA22: Retal (per Property Finder) | AC22: Developer Managed | AE22: Unverified | AF22: Marketing & leasing, Social media management, Content & photography | AG22: 10 | AH22: 8 | AI22: 20 | AJ22: 5 | AK22: 5 | AL22: 0 | AM22: =SUM(AG22:AL22) -> 48 | AN22: =IF(AM22>=80,"A",IF(AM22>=60,"B","C")) -> C | AO22: Sale project, not rental compound. | AP22: https://www.propertyfinder.sa/blog/%D9%83%D9%85%D8%A8%D9%88%D9%86%D8%AF%D8%A7%D8%AA-%D8%A7%D9%84%D8%AE%D8%A8%D8%B1-%D9%85%D8%AC%D9%85%D8%B9%D8%A7%D8%AA-%D8%B3%D9%83%D9%86%D9%8A%D8%A9-%D8%B9%D8%A7%D9%84%D9%85%D9%8A%D8%A9-%D8%B9%D9%84/ | AQ22: 2026-10-11
A23: KHB-022 | B23: Seashore Residence | C23: كومباوند سي شور | D23: Al Khobar | F23: Aziziyah district | G23: Open map | H23: 26.16613 | I23: 50.195653 | J23: Mixed Residential Compound | K23: Residential compound | L23: Operating (listed) | O23: Villas 201-210 sqm, apartments 43-48 sqm | P23: Gym Swimming Pool Kindergarten Reserved Parking Baby Nursery Library Restaurant Billiard Tables Basketball Court Volleyball Court Wireless Internet Tennis Court Satellite Cable Recreational Room Business Centre Table Tennis Bus Transportation Cinema | Q23: https://seashoreresidence.com/ | S23: 0567700021 | AC23: Unknown | AE23: Unverified | AF23: Property management, Marketing & leasing, Social media management | AG23: 0 | AH23: 8 | AI23: 12 | AJ23: 5 | AK23: 0 | AL23: 5 | AM23: =SUM(AG23:AL23) -> 30 | AN23: =IF(AM23>=80,"A",IF(AM23>=60,"B","C")) -> C | AO23: WhatsApp link on site points to a +30 (Greece) number - treated as template error, not stored. | AP23: https://rightcompound.com/compounds/khobar/sea-shore-compound ; https://www.expat.com/en/forum/middle-east/saudi-arabia/khobar/778968-list-of-some-compounds-in-al-khobar-ksa.html ; https://www.propertyfinder.sa/blog/%D9%83%D9%85%D8%A8%D9%88%D9%86%D8%AF%D8%A7%D8%AA-%D8%A7%D9%84%D8%AE%D8%A8%D8%B1-%D9%85%D8%AC%D9%85%D8%B9%D8%A7%D8%AA-%D8%B3%D9%83%D9%86%D9%8A%D8%A9-%D8%B9%D8%A7%D9%84%D9%85%D9%8A%D8%A9-%D8%B9%D9%84/ | AQ23: 2026-10-11
A24: KHB-023 | B24: Saraya Al Olaya Towers | D24: Al Khobar | F24: Olaya district facing Dhahran Mall | G24: Open map | H24: 26.300642 | I24: 50.171363 | J24: Apartment Compound | K24: Residential compound | L24: Operating (listed) | P24: Gym Swimming Pool Kindergarten Reserved Parking Baby Nursery Beauty Salon Satellite Cable Recreational Room Garbage Chute Children Playground Pest Control Security 24/7 Laundry Service Maintenance Outdoor Children Playground Lounge Multipurpose Hall | Q24: https://www.darwaemaar.com/ | R24: 920004077 | T24: 920004077 | AA24: Dar Wa Emaar Real Estate | AB24: Dar Wa Emaar Real Estate | AC24: Developer Managed | AD24: https://rightcompound.com/compounds/khobar/saraya-al-olaya-residential-tower | AE24: Verified | AF24: Marketing & leasing, Social media management | AG24: 0 | AH24: 8 | AI24: 12 | AJ24: 10 | AK24: 10 | AL24: 5 | AM24: =SUM(AG24:AL24) -> 45 | AN24: =IF(AM24>=80,"A",IF(AM24>=60,"B","C")) -> C | AP24: https://rightcompound.com/compounds/khobar/saraya-al-olaya-residential-tower ; https://www.darwaemaar.com/ | AQ24: 2026-10-11
A25: KHB-024 | B25: Saraya Al Rawabi Complex | D25: Al Khobar | F25: Rawabi district adjacent to Hyper Panda and Extra Stores Khobar | G25: Open map | H25: 26.327012 | I25: 50.212315 | J25: Apartment Compound | K25: Residential compound | L25: Operating (listed) | N25: 66 | P25: Swimming Pool Reserved Parking Garbage Chute Pest Control Security 24/7 Maintenance Outdoor Children Playground Shaded Parking Area | Q25: https://www.darwaemaar.com/ | R25: 920004077 | T25: 920004077 | AA25: Dar Wa Emaar Real Estate | AB25: Dar Wa Emaar Real Estate | AC25: Developer Managed | AD25: https://rightcompound.com/compounds/khobar/saraya-al-rawabi-complex | AE25: Verified | AF25: Marketing & leasing, Social media management | AG25: 10 | AH25: 8 | AI25: 12 | AJ25: 10 | AK25: 10 | AL25: 5 | AM25: =SUM(AG25:AL25) -> 55 | AN25: =IF(AM25>=80,"A",IF(AM25>=60,"B","C")) -> C | AP25: https://rightcompound.com/compounds/khobar/saraya-al-rawabi-complex ; https://www.darwaemaar.com/ | AQ25: 2026-10-11
A26: KHB-025 | B26: Refad Compound | D26: Al Khobar | F26: Prince Faisal Bin Fahad Road | G26: Open map | H26: 26.304615 | I26: 50.191496 | J26: Mixed Residential Compound | K26: Residential compound | L26: Operating (listed) | N26: 100 | O26: Villas, apartments, duplexes | P26: Gym Reserved Parking Basketball Court Wireless Internet Satellite Cable Recreational Room Bus Transportation Children Playground Pest Control Security 24/7 Laundry Service Maintenance Outdoor Children Playground Mini Market Multipurpose Hall Green Ar | Q26: https://refadcompound.com/ | R26: +966920031839 | AC26: Unknown | AE26: Unverified | AF26: Property management, Marketing & leasing, Social media management | AG26: 15 | AH26: 8 | AI26: 12 | AJ26: 5 | AK26: 0 | AL26: 5 | AM26: =SUM(AG26:AL26) -> 45 | AN26: =IF(AM26>=80,"A",IF(AM26>=60,"B","C")) -> C | AO26: Official site renders no contact data. | AP26: https://rightcompound.com/compounds/khobar/refad-compound ; https://whichschooladvisor.com/saudi/area-guide/eastern-province/al-khobar ; https://compoundin.com/compounds/khobar/refad-compound | AQ26: 2026-10-11
A27: KHB-026 | B27: Palm Springs Compound | D27: Al Khobar | E27: Al Qishla (behind Abdulla Fouad Tower) | F27: Al Qishla area , behind Abdulla Fouad Tower | G27: Open map | H27: 26.371657 | I27: 50.170419 | J27: Mixed Residential Compound | K27: Residential compound | L27: Operating (listed) | N27: 129 | O27: 2-bed apartments, 3-bed villas | P27: Gym Swimming Pool Kindergarten Reserved Parking Baby Nursery Library Beauty Salon Restaurant Snack Bar Billiard Tables Basketball Court Volleyball Court Wireless Internet Tennis Court Satellite Cable Pre-school Centre Recreational Room Bowling Table | S27: +966505872304 | Z27: Abdulla Fouad Holding Company | AC27: Owner Managed | AD27: https://rightcompound.com/compounds/khobar/palm-springs-compound | AE27: Unverified | AF27: Property management, Marketing & leasing, Social media management, Content & photography, Integrated services | AG27: 15 | AH27: 8 | AI27: 20 | AJ27: 5 | AK27: 10 | AL27: 5 | AM27: =SUM(AG27:AL27) -> 63 | AN27: =IF(AM27>=80,"A",IF(AM27>=60,"B","C")) -> B | AP27: https://rightcompound.com/compounds/khobar/palm-springs-compound ; https://www.expat.com/en/forum/middle-east/saudi-arabia/khobar/778968-list-of-some-compounds-in-al-khobar-ksa.html | AQ27: 2026-10-11
A28: KHB-027 | B28: Dana Beach Resort | D28: Al Khobar | E28: Half Moon Bay (Dana Bay) | F28: Dana Bay | G28: Open map | H28: 26.080461 | I28: 49.998589 | J28: Luxury Residential Compound | K28: Residential compound | L28: Operating (listed) | P28: Gym Swimming Pool Reserved Parking Beauty Salon Restaurant Snack Bar Wireless Internet Satellite Cable Recreational Room Business Centre Children Playground Pest Control Security 24/7 Laundry Service Maintenance Barbecue Area Outdoor Children Playgro | S28: +966500501768 | AC28: Unknown | AE28: Unverified | AF28: Property management, Marketing & leasing, Social media management, Content & photography, Integrated services | AG28: 0 | AH28: 8 | AI28: 20 | AJ28: 5 | AK28: 0 | AL28: 5 | AM28: =SUM(AG28:AL28) -> 38 | AN28: =IF(AM28>=80,"A",IF(AM28>=60,"B","C")) -> C | AP28: https://rightcompound.com/compounds/khobar/dana-beach-resort | AQ28: 2026-10-11
A29: KHB-028 | B29: Green Park Lifestyle Residence | D29: Al Khobar | E29: Al Jawhara | F29: Al Jawhara , Al Khobar | G29: Open map | H29: 26.325954 | I29: 50.197316 | J29: Mixed Residential Compound | K29: Residential compound | L29: Operating (listed) | P29: Gym Swimming Pool Reserved Parking Recreational Room Garbage Chute Children Playground Pest Control Security 24/7 Maintenance Outdoor Children Playground Multipurpose Hall Green Area and Shaded Area CCTV Football Court Outdoor Swimming Pool Outdoor G | S29: +966543787979 | AC29: Unknown | AE29: Unverified | AF29: Property management, Marketing & leasing, Social media management, Content & photography, Integrated services | AG29: 0 | AH29: 8 | AI29: 20 | AJ29: 5 | AK29: 0 | AL29: 5 | AM29: =SUM(AG29:AL29) -> 38 | AN29: =IF(AM29>=80,"A",IF(AM29>=60,"B","C")) -> C | AP29: https://rightcompound.com/compounds/khobar/green-park-lifestyle-residence-compound | AQ29: 2026-10-11
A30: KHB-029 | B30: Marissa Elite Complex | D30: Dhahran (Greater Khobar) | E30: Al Qusor | F30: Al-Qusor neighborhood in Dhahran city. | G30: Open map | H30: 26.342522 | I30: 50.151466 | J30: Mixed Residential Compound | K30: Residential compound | L30: Operating (listed) | P30: Gym Reserved Parking Baby Nursery Garbage Chute Children Playground Maintenance Rooftop Garden Barbecue Area Lounge Multipurpose Hall Green Area and Shaded Area CCTV Basement Private Parking Rooftop Barbecue Area | S30: +966553592411 | AC30: Unknown | AE30: Unverified | AF30: Property management, Marketing & leasing, Social media management, Content & photography, Integrated services | AG30: 0 | AH30: 8 | AI30: 20 | AJ30: 5 | AK30: 0 | AL30: 5 | AM30: =SUM(AG30:AL30) -> 38 | AN30: =IF(AM30>=80,"A",IF(AM30>=60,"B","C")) -> C | AP30: https://rightcompound.com/compounds/khobar/marissa-elite-compound-dhahran | AQ30: 2026-10-11
A31: KHB-030 | B31: Le Ruya Residential Resort | D31: Al Khobar | E31: Ishbiliya (Al Bayan St) | F31: Ishbilia District, Al Bayan Street | G31: Open map | H31: 26.19505 | I31: 50.215652 | J31: Family Compound | K31: Residential compound | L31: Operating (listed) | P31: Gym Beauty Salon Billiard Tables Basketball Court Wireless Internet Tennis Court Bowling Bus Transportation Children Playground Pest Control Security 24/7 Maintenance Barbecue Area Outdoor Children Playground Mini Market Gaming Room Cafeteria Green A | S31: 0559318510 | AC31: Unknown | AE31: Unverified | AF31: Property management, Marketing & leasing, Social media management, Content & photography, Integrated services | AG31: 0 | AH31: 8 | AI31: 20 | AJ31: 5 | AK31: 0 | AL31: 5 | AM31: =SUM(AG31:AL31) -> 38 | AN31: =IF(AM31>=80,"A",IF(AM31>=60,"B","C")) -> C | AP31: https://rightcompound.com/compounds/khobar/le-ruya | AQ31: 2026-10-11
A32: KHB-031 | B32: South Park Compound | D32: Dhahran (Greater Khobar) | E32: Al Douha | F32: Al Douha Neighborhood | G32: Open map | H32: 26.320469 | I32: 50.155167 | J32: Mixed Residential Compound | K32: Residential compound | L32: Operating (listed) | P32: Gym Children Playground Pest Control Maintenance Housekeeping Services CCTV Fiber Optic High Speed Internet Terrace | S32: 0538090077 | AC32: Unknown | AE32: Unverified | AF32: Property management, Marketing & leasing, Social media management, Content & photography, Integrated services | AG32: 0 | AH32: 8 | AI32: 20 | AJ32: 5 | AK32: 0 | AL32: 5 | AM32: =SUM(AG32:AL32) -> 38 | AN32: =IF(AM32>=80,"A",IF(AM32>=60,"B","C")) -> C | AP32: https://rightcompound.com/compounds/khobar/south-park-compound | AQ32: 2026-10-11
A33: KHB-032 | B33: Loay Compound | D33: Al Khobar | F33: Al Khobar | G33: Open map | H33: 26.295877 | I33: 50.110016 | J33: Mixed Residential Compound | K33: Residential compound | L33: Operating (listed) | P33: Gym Swimming Pool Basketball Court Table Tennis Bus Transportation | S33: 0554216987 | AC33: Unknown | AE33: Unverified | AF33: Property management, Marketing & leasing, Social media management, Content & photography, Integrated services | AG33: 0 | AH33: 8 | AI33: 20 | AJ33: 5 | AK33: 0 | AL33: 5 | AM33: =SUM(AG33:AL33) -> 38 | AN33: =IF(AM33>=80,"A",IF(AM33>=60,"B","C")) -> C | AO33: RightCompound description is placeholder text; existence needs field check. | AP33: https://rightcompound.com/compounds/khobar/loay-compound | AQ33: 2026-10-11
A34: KHB-033 | B34: Al Riyadh Compound | D34: Al Khobar | F34: KSA | G34: Open map | H34: 26.29103 | I34: 50.211983 | J34: Villa Compound | K34: Residential compound | L34: Operating (listed) | N34: 100 | O34: 3-bed villas | P34: Gym Swimming Pool Reserved Parking Beauty Salon Restaurant Snack Bar Billiard Tables Squash Court Basketball Court Volleyball Court Wireless Internet Tennis Court Satellite Cable Recreational Room Business Centre Bowling Table Tennis Bus Transportati | Z34: Arabian Property Services (APS) | AC34: Owner Managed | AD34: https://rightcompound.com/compounds/khobar/al-riyadh-compound | AE34: Not Available | AF34: Property management, Marketing & leasing, Social media management, Content & photography, Integrated services | AG34: 15 | AH34: 8 | AI34: 20 | AJ34: 0 | AK34: 10 | AL34: 5 | AM34: =SUM(AG34:AL34) -> 58 | AN34: =IF(AM34>=80,"A",IF(AM34>=60,"B","C")) -> C | AP34: https://rightcompound.com/compounds/khobar/al-riyadh-compound ; https://www.expat.com/en/forum/middle-east/saudi-arabia/khobar/778968-list-of-some-compounds-in-al-khobar-ksa.html | AQ34: 2026-10-11
A35: KHB-034 | B35: Al Safa Homes (Al Saeed Village 5) | D35: Al Khobar | E35: Al Rakah | F35: KSA | J35: Villa Compound | K35: Residential compound | L35: Operating (listed) | N35: 32 | P35: Gym Swimming Pool Reserved Parking Baby Nursery Beauty Salon Restaurant Billiard Tables Basketball Court Volleyball Court Wireless Internet Tennis Court Satellite Cable Recreational Room Bus Transportation | AB35: Mazen Al Saeed Group | AC35: Owner Managed | AD35: https://rightcompound.com/compounds/khobar/al-safa-homes-compound | AE35: Not Available | AF35: Property management, Marketing & leasing, Social media management, Content & photography, Integrated services | AG35: 5 | AH35: 8 | AI35: 20 | AJ35: 0 | AK35: 10 | AL35: 5 | AM35: =SUM(AG35:AL35) -> 48 | AN35: =IF(AM35>=80,"A",IF(AM35>=60,"B","C")) -> C | AP35: https://rightcompound.com/compounds/khobar/al-safa-homes-compound | AQ35: 2026-10-11
A36: KHB-035 | B36: Al Sharq Homes (Al Saeed Village 3) | D36: Al Khobar | F36: KSA | G36: Open map | H36: 26.367418 | I36: 50.203571 | J36: Luxury Residential Compound | K36: Residential compound | L36: Operating (listed) | P36: Gym Swimming Pool Reserved Parking Baby Nursery Beauty Salon Restaurant Billiard Tables Basketball Court Volleyball Court Wireless Internet Tennis Court Satellite Cable Recreational Room Table Tennis Bus Transportation | AB36: Mazen Al Saeed Group | AC36: Owner Managed | AD36: https://rightcompound.com/compounds/khobar/al-sharq-homes-compound | AE36: Not Available | AF36: Property management, Marketing & leasing, Social media management, Content & photography, Integrated services | AG36: 0 | AH36: 8 | AI36: 20 | AJ36: 0 | AK36: 10 | AL36: 5 | AM36: =SUM(AG36:AL36) -> 43 | AN36: =IF(AM36>=80,"A",IF(AM36>=60,"B","C")) -> C | AP36: https://rightcompound.com/compounds/khobar/al-sharq-homes-compound | AQ36: 2026-10-11
A37: KHB-036 | B37: Al Yasmeen Homes (Al Saeed Village 4) | D37: Al Khobar | F37: KSA | G37: Open map | H37: 26.367033 | I37: 50.204258 | J37: Apartment Compound | K37: Residential compound | L37: Operating (listed) | N37: 40 | O37: Furnished apartments | P37: Gym Swimming Pool Reserved Parking Baby Nursery Beauty Salon Restaurant Billiard Tables Basketball Court Volleyball Court Wireless Internet Tennis Court Satellite Cable Recreational Room Table Tennis Bus Transportation | AB37: Mazen Al Saeed Group | AC37: Owner Managed | AD37: https://rightcompound.com/compounds/khobar/al-yasmeen-homes-compound | AE37: Not Available | AF37: Property management, Marketing & leasing, Social media management, Content & photography, Integrated services | AG37: 5 | AH37: 8 | AI37: 20 | AJ37: 0 | AK37: 10 | AL37: 5 | AM37: =SUM(AG37:AL37) -> 48 | AN37: =IF(AM37>=80,"A",IF(AM37>=60,"B","C")) -> C | AP37: https://rightcompound.com/compounds/khobar/al-yasmeen-homes-compound | AQ37: 2026-10-11
A38: KHB-037 | B38: Saeed Residential Compound 1 | D38: Al Khobar | F38: KSA | G38: Open map | H38: 26.367879 | I38: 50.20752 | J38: Villa Compound | K38: Residential compound | L38: Operating (listed) | N38: 30 | P38: Gym Swimming Pool Reserved Parking Baby Nursery Billiard Tables Basketball Court Volleyball Court Tennis Court Recreational Room | AC38: Unknown | AE38: Not Available | AF38: Property management, Marketing & leasing, Social media management, Content & photography, Integrated services | AG38: 5 | AH38: 8 | AI38: 20 | AJ38: 0 | AK38: 0 | AL38: 5 | AM38: =SUM(AG38:AL38) -> 38 | AN38: =IF(AM38>=80,"A",IF(AM38>=60,"B","C")) -> C | AO38: Possibly part of Mazen Al Saeed Group villages; not confirmed. | AP38: https://rightcompound.com/compounds/khobar/saeed-residential-compound-1 | AQ38: 2026-10-11
A39: KHB-038 | B39: Al Shablan Compounds | D39: Al Khobar | F39: KSA | G39: Open map | H39: 26.336807 | I39: 50.215416 | J39: Mixed Residential Compound | K39: Residential compound | L39: Operating (listed) | P39: Gym Swimming Pool Reserved Parking Bus Transportation | Z39: Al Shablan Group | AC39: Owner Managed | AD39: https://rightcompound.com/compounds/khobar/al-shablan-compounds | AE39: Not Available | AF39: Property management, Marketing & leasing, Social media management, Content & photography, Integrated services | AG39: 0 | AH39: 8 | AI39: 20 | AJ39: 0 | AK39: 10 | AL39: 5 | AM39: =SUM(AG39:AL39) -> 43 | AN39: =IF(AM39>=80,"A",IF(AM39>=60,"B","C")) -> C | AO39: Group manages five compounds (four in Eastern Province); individual compounds not itemised. | AP39: https://rightcompound.com/compounds/khobar/al-shablan-compounds | AQ39: 2026-10-11
A40: KHB-039 | B40: Opal Compound | D40: Al Khobar | F40: Al Khobar | G40: Open map | H40: 26.362605 | I40: 50.204311 | J40: Mixed Residential Compound | K40: Residential compound | L40: Operating (listed) | O40: 3-bed villas 110 sqm, studios 65 sqm | P40: Reserved Parking Recreational Room Children Playground Outdoor Children Playground Multipurpose Hall Green Area and Shaded Area | AB40: AZ Real Estate Management | AC40: Third-Party Property Management | AD40: https://rightcompound.com/compounds/khobar/opal-compound | AE40: Not Available | AF40: Marketing & leasing, Social media management, Content & photography | AG40: 0 | AH40: 8 | AI40: 20 | AJ40: 0 | AK40: 10 | AL40: 5 | AM40: =SUM(AG40:AL40) -> 43 | AN40: =IF(AM40>=80,"A",IF(AM40>=60,"B","C")) -> C | AP40: https://rightcompound.com/compounds/khobar/opal-compound | AQ40: 2026-10-11
A41: KHB-040 | B41: Cedar Village Compound | D41: Al Khobar | E41: Golden Belt | F41: Al Khobar , Golden Belt | G41: Open map | H41: 26.323675 | I41: 50.194645 | J41: Family Compound | K41: Residential compound | L41: Operating (listed) | P41: Gym Swimming Pool Squash Court Basketball Court Recreational Room Garbage Chute Pest Control Security 24/7 Maintenance Mini Market Gaming Room Shaded Parking Area Water Treatment Plant CCTV | AB41: AZ Real Estate Management | AC41: Third-Party Property Management | AD41: https://rightcompound.com/compounds/khobar/sedar-village-compound | AE41: Not Available | AF41: Marketing & leasing, Social media management, Content & photography | AG41: 0 | AH41: 8 | AI41: 20 | AJ41: 0 | AK41: 10 | AL41: 5 | AM41: =SUM(AG41:AL41) -> 43 | AN41: =IF(AM41>=80,"A",IF(AM41>=60,"B","C")) -> C | AP41: https://rightcompound.com/compounds/khobar/sedar-village-compound | AQ41: 2026-10-11
A42: KHB-041 | B42: Karawan Village | D42: Al Khobar | F42: 1st Street | G42: Open map | H42: 26.317863 | I42: 50.212541 | J42: Villa Compound | K42: Residential compound | L42: Operating (listed) | N42: 69 | P42: Gym Swimming Pool Reserved Parking Baby Nursery Library Billiard Tables Squash Court Basketball Court Volleyball Court Tennis Court Satellite Cable Recreational Room Table Tennis Bus Transportation Children Playground Pest Control Security 24/7 Maint | AB42: Arsal Facility Management | AC42: Third-Party Property Management | AD42: https://rightcompound.com/compounds/khobar/karawan-compound | AE42: Not Available | AF42: Marketing & leasing, Social media management, Content & photography | AG42: 10 | AH42: 8 | AI42: 20 | AJ42: 0 | AK42: 10 | AL42: 5 | AM42: =SUM(AG42:AL42) -> 53 | AN42: =IF(AM42>=80,"A",IF(AM42>=60,"B","C")) -> C | AP42: https://rightcompound.com/compounds/khobar/karawan-compound ; https://www.expat.com/en/forum/middle-east/saudi-arabia/khobar/778968-list-of-some-compounds-in-al-khobar-ksa.html | AQ42: 2026-10-11
A43: KHB-042 | B43: Gulf Pearl Compound 2 | D43: Al Khobar | E43: Al Aziziyah | F43: Aziziyah, Khobar | G43: Open map | H43: 26.192797 | I43: 50.187435 | J43: Mixed Residential Compound | K43: Residential compound | L43: Operating (listed) | P43: Gym Swimming Pool Reserved Parking Baby Nursery Beauty Salon Restaurant Billiard Tables Squash Court Basketball Court Volleyball Court Wireless Internet Tennis Court Satellite Cable Recreational Room Table Tennis Bus Transportation | Z43: Al Kifah Real Estate | AB43: Al Kifah Real Estate | AC43: Owner Managed | AD43: https://rightcompound.com/compounds/khobar/gulf-pearl-compound-2 | AE43: Not Available | AF43: Property management, Marketing & leasing, Social media management, Content & photography, Integrated services | AG43: 0 | AH43: 8 | AI43: 20 | AJ43: 0 | AK43: 10 | AL43: 5 | AM43: =SUM(AG43:AL43) -> 43 | AN43: =IF(AM43>=80,"A",IF(AM43>=60,"B","C")) -> C | AP43: https://rightcompound.com/compounds/khobar/gulf-pearl-compound-2 ; https://www.expat.com/en/forum/middle-east/saudi-arabia/khobar/778968-list-of-some-compounds-in-al-khobar-ksa.html | AQ43: 2026-10-11
A44: KHB-043 | B44: Gulf Pearl Compound 1 | D44: Al Khobar | E44: Khobar | J44: Mixed Residential Compound | K44: Residential compound | L44: Unknown | Z44: Al Kifah Real Estate | AC44: Owner Managed | AD44: https://rightcompound.com/compounds/khobar/gulf-pearl-compound-2 | AE44: Not Available | AF44: Property management, Marketing & leasing, Social media management, Content & photography, Integrated services | AG44: 0 | AH44: 8 | AI44: 14 | AJ44: 0 | AK44: 10 | AL44: 0 | AM44: =SUM(AG44:AL44) -> 32 | AN44: =IF(AM44>=80,"A",IF(AM44>=60,"B","C")) -> C | AP44: https://www.expat.com/en/forum/middle-east/saudi-arabia/khobar/778968-list-of-some-compounds-in-al-khobar-ksa.html | AQ44: 2026-10-11
A45: KHB-044 | B45: Jouri Compound | D45: Al Khobar | E45: Al Mutlaqiyah | F45: KSA | G45: Open map | H45: 26.366341 | I45: 50.19207 | J45: Mixed Residential Compound | K45: Residential compound | L45: Operating (listed) | P45: Gym Swimming Pool Reserved Parking Basketball Court Volleyball Court Wireless Internet Tennis Court Satellite Cable Recreational Room Table Tennis Bus Transportation | Z45: Tharaa Real Estate Investments Co. | AC45: Owner Managed | AD45: https://rightcompound.com/compounds/khobar/jouri-homes | AE45: Not Available | AF45: Property management, Marketing & leasing, Social media management, Content & photography, Integrated services | AG45: 0 | AH45: 8 | AI45: 20 | AJ45: 0 | AK45: 10 | AL45: 5 | AM45: =SUM(AG45:AL45) -> 43 | AN45: =IF(AM45>=80,"A",IF(AM45>=60,"B","C")) -> C | AP45: https://rightcompound.com/compounds/khobar/jouri-homes | AQ45: 2026-10-11
A46: KHB-045 | B46: Al Rashid Residence Towers | D46: Al Khobar | E46: West Khobar (Khadem Al Haramain Rd) | F46: West of Al Khobar city on Khadem Al Haramein Road | G46: Open map | H46: 26.29159 | I46: 50.177731 | J46: Apartment Compound | K46: Residential compound | L46: Operating (listed) | P46: Gym Swimming Pool Kindergarten Reserved Parking Library Billiard Tables Basketball Court Volleyball Court Wireless Internet Tennis Court Satellite Cable Pre-school Centre Commercial Centre Recreational Room Table Tennis Bus Transportation Cinema Garb | AA46: Al Rashid Trading & Contracting Co. | AC46: Developer Managed | AD46: https://rightcompound.com/compounds/khobar/al-rashid-residence-towers | AE46: Not Available | AF46: Marketing & leasing, Social media management, Content & photography | AG46: 0 | AH46: 8 | AI46: 20 | AJ46: 0 | AK46: 10 | AL46: 5 | AM46: =SUM(AG46:AL46) -> 43 | AN46: =IF(AM46>=80,"A",IF(AM46>=60,"B","C")) -> C | AP46: https://rightcompound.com/compounds/khobar/al-rashid-residence-towers ; https://compoundin.com/compounds/khobar/al-rashid-residence-towers | AQ46: 2026-10-11
A47: KHB-046 | B47: Al Rashid Residence (Al Rashid Mall) | D47: Al Khobar | E47: Al Olaya | F47: AlRashid Mall, Al Ulaya, Al Khobar, Saudi Arabia | G47: Open map | H47: 26.293267 | I47: 50.180936 | J47: Apartment Compound | K47: Residential compound | L47: Operating (listed) | O47: Furnished apartments | P47: Gym Swimming Pool Kindergarten Reserved Parking Restaurant Ballroom Wireless Internet Satellite Cable Commercial Centre Business Centre | AC47: Unknown | AE47: Not Available | AF47: Property management, Marketing & leasing, Social media management, Content & photography, Integrated services | AG47: 0 | AH47: 8 | AI47: 20 | AJ47: 0 | AK47: 0 | AL47: 5 | AM47: =SUM(AG47:AL47) -> 33 | AN47: =IF(AM47>=80,"A",IF(AM47>=60,"B","C")) -> C | AP47: https://rightcompound.com/compounds/khobar/alrashid-residence ; https://www.expat.com/en/forum/middle-east/saudi-arabia/khobar/778968-list-of-some-compounds-in-al-khobar-ksa.html | AQ47: 2026-10-11
A48: KHB-047 | B48: Oasis Gardens Compound | D48: Al Khobar | E48: Al Jawhara (Salahuddin St) | F48: Al Jawhara district on Salahuddin street | G48: Open map | H48: 26.328695 | I48: 50.197606 | J48: Luxury Residential Compound | K48: Residential compound | L48: Operating (listed) | P48: Gym Swimming Pool Kindergarten Reserved Parking Baby Nursery Library Restaurant Snack Bar Billiard Tables Squash Court Basketball Court Volleyball Court Wireless Internet Tennis Court Satellite Cable Recreational Room Business Centre Bowling Table Te | Q48: https://oasiscompounds.com/oasisgardens/ | R48: 0138825288 | U48: leasing@theoasis.sa | AC48: Unknown | AE48: Unverified | AF48: Property management, Marketing & leasing, Social media management | AG48: 0 | AH48: 8 | AI48: 12 | AJ48: 5 | AK48: 0 | AL48: 5 | AM48: =SUM(AG48:AL48) -> 30 | AN48: =IF(AM48>=80,"A",IF(AM48>=60,"B","C")) -> C | AO48: Forum posts (2016) link Oasis Gardens / Al Bustan to Saad Group; current owner not confirmed. Official site did not load from the research environment; contacts taken from search-engine copy of the official contact page. | AP48: https://rightcompound.com/compounds/khobar/oasis-gardens-compound-al-khobar ; https://whichschooladvisor.com/saudi/area-guide/eastern-province/al-khobar ; https://www.expat.com/en/forum/middle-east/saudi-arabia/khobar/778968-list-of-some-compounds-in-al-khobar-ksa.html ; https://oasiscompounds.com/oasisgardens/contact/ | AQ48: 2026-10-11
A49: KHB-048 | B49: Oasis Residential Resorts | D49: Al Khobar | E49: Salahuddin St | F49: 3713 Salahuddin St. | G49: Open map | H49: 26.321611 | I49: 50.19285 | J49: Luxury Residential Compound | K49: Residential compound | L49: Operating (listed) | P49: Gym Swimming Pool Reserved Parking Baby Nursery Library Ballroom Billiard Tables Squash Court Golf Course Basketball Court Volleyball Court Wireless Internet Tennis Court Satellite Cable Recreational Room Bowling Table Tennis Bus Transportation Cinem | Q49: https://gardens.oasiscompounds.com/oasisresorts/ | R49: 0138015027 | U49: reception@oasisresorts.org | AC49: Unknown | AE49: Unverified | AF49: Property management, Marketing & leasing, Social media management | AG49: 0 | AH49: 8 | AI49: 12 | AJ49: 5 | AK49: 0 | AL49: 5 | AM49: =SUM(AG49:AL49) -> 30 | AN49: =IF(AM49>=80,"A",IF(AM49>=60,"B","C")) -> C | AO49: oasisresorts.net now redirects to an unrelated site. Official contact page did not load; values from search-engine copy. | AP49: https://rightcompound.com/compounds/khobar/oasis-resorts ; https://www.expat.com/en/forum/middle-east/saudi-arabia/khobar/778968-list-of-some-compounds-in-al-khobar-ksa.html ; https://gardens.oasiscompounds.com/oasisresorts/contact/ | AQ49: 2026-10-11
A50: KHB-049 | B50: Al Bustan Village | D50: Al Khobar | J50: Family Compound | K50: Residential compound | L50: Unknown | AC50: Unknown | AE50: Not Available | AF50: Property management, Marketing & leasing, Social media management, Content & photography, Integrated services | AG50: 0 | AH50: 8 | AI50: 14 | AJ50: 0 | AK50: 0 | AL50: 0 | AM50: =SUM(AG50:AL50) -> 22 | AN50: =IF(AM50>=80,"A",IF(AM50>=60,"B","C")) -> C | AO50: Forum mentions only (2016-2017); albustanvillage.com cited but unconfirmed. | AP50: https://www.expat.com/en/forum/middle-east/saudi-arabia/khobar/870355-al-bustan-compound-or-oasis-garden-in-al-khobar-eastern-province.html | AQ50: 2026-10-11
A51: KHB-050 | B51: Al Danah & Al Nadah Compounds | D51: Al Khobar | F51: Near EXTRA, King Faisal Road, | G51: Open map | H51: 26.337163 | I51: 50.210116 | J51: Villa Compound | K51: Residential compound | L51: Operating (listed) | N51: 232 | O51: Al Nadah 128 villas; Al Danah 104 duplexes | P51: Gym Swimming Pool Kindergarten Library Beauty Salon Restaurant Billiard Tables Squash Court Basketball Court Tennis Court Satellite Cable Recreational Room Table Tennis Bus Transportation | AC51: Unknown | AE51: Not Available | AF51: Property management, Marketing & leasing, Social media management, Content & photography, Integrated services | AG51: 20 | AH51: 8 | AI51: 20 | AJ51: 0 | AK51: 0 | AL51: 5 | AM51: =SUM(AG51:AL51) -> 53 | AN51: =IF(AM51>=80,"A",IF(AM51>=60,"B","C")) -> C | AO51: Address given as 'near EXTRA, King Faisal Rd' with Dammam postcode, coordinates inside Khobar. | AP51: https://rightcompound.com/compounds/khobar/dana--nada-compounds ; https://whichschooladvisor.com/saudi/area-guide/eastern-province/al-khobar ; https://compoundin.com/compounds/khobar/al-danah-al-nadah-compounds | AQ51: 2026-10-11
A52: KHB-051 | B52: Desert Rose Compound | D52: Al Khobar | E52: Al Rakah Al Janubiyah | F52: Al Rakah Al Janubiyah | G52: Open map | H52: 26.350546 | I52: 50.198309 | J52: Apartment Compound | K52: Residential compound | L52: Operating (listed) | N52: 175 | O52: 1-3 bed apartments | P52: Gym Swimming Pool Reserved Parking Baby Nursery Restaurant Squash Court Basketball Court Tennis Court Recreational Room Bus Transportation Garbage Chute Children Playground Pest Control Security 24/7 Maintenance Outdoor Children Playground Mini Marke | AC52: Unknown | AE52: Not Available | AF52: Property management, Marketing & leasing, Social media management, Content & photography, Integrated services | AG52: 15 | AH52: 8 | AI52: 20 | AJ52: 0 | AK52: 0 | AL52: 5 | AM52: =SUM(AG52:AL52) -> 48 | AN52: =IF(AM52>=80,"A",IF(AM52>=60,"B","C")) -> C | AO52: 145 units (WhichSchoolAdvisor) vs 175 (RightCompound). | AP52: https://rightcompound.com/compounds/khobar/desert-rose-compound-al-khobar ; https://whichschooladvisor.com/saudi/area-guide/eastern-province/al-khobar | AQ52: 2026-10-11
A53: KHB-052 | B53: Emad Compound | D53: Al Khobar | E53: Al Rakah | F53: Al Khobar , Al Rakah district | G53: Open map | H53: 26.33095 | I53: 50.189264 | J53: Apartment Compound | K53: Residential compound | L53: Operating (listed) | P53: Swimming Pool Reserved Parking Squash Court Satellite Cable Recreational Room Garbage Chute Security 24/7 Maintenance Multipurpose Hall Shaded Parking Area Green Area and Shaded Area Sauna Room Jacuzzi Room CCTV Multipurpose Court | AC53: Unknown | AE53: Not Available | AF53: Property management, Marketing & leasing, Social media management, Content & photography, Integrated services | AG53: 0 | AH53: 8 | AI53: 20 | AJ53: 0 | AK53: 0 | AL53: 5 | AM53: =SUM(AG53:AL53) -> 33 | AN53: =IF(AM53>=80,"A",IF(AM53>=60,"B","C")) -> C | AP53: https://rightcompound.com/compounds/khobar/desert-rose-apartments-compound | AQ53: 2026-10-11
A54: KHB-053 | B54: The Pearl Residential Compound | D54: Al Khobar | E54: Qurtubah (Prince Sultan Bin Fahd Rd) | F54: Prince Sultan Bin Fahed Road | G54: Open map | H54: 26.346364 | I54: 50.189517 | J54: Mixed Residential Compound | K54: Residential compound | L54: Operating (listed) | N54: 233 | P54: Gym Swimming Pool Kindergarten Reserved Parking Baby Nursery Beauty Salon Restaurant Billiard Tables Basketball Court Volleyball Court Wireless Internet Tennis Court Recreational Room Table Tennis Bus Transportation Garbage Chute Children Playground | AC54: Unknown | AE54: Not Available | AF54: Property management, Marketing & leasing, Social media management, Content & photography, Integrated services | AG54: 20 | AH54: 8 | AI54: 20 | AJ54: 0 | AK54: 0 | AL54: 5 | AM54: =SUM(AG54:AL54) -> 53 | AN54: =IF(AM54>=80,"A",IF(AM54>=60,"B","C")) -> C | AP54: https://rightcompound.com/compounds/khobar/the-pearl-residential-compound ; https://whichschooladvisor.com/saudi/area-guide/eastern-province/al-khobar ; https://www.expat.com/en/forum/middle-east/saudi-arabia/khobar/778968-list-of-some-compounds-in-al-khobar-ksa.html | AQ54: 2026-10-11
A55: KHB-054 | B55: Ronda Residence Compound | D55: Al Khobar | E55: Al Sadafah | F55: Hammad Ibn Hibatullah Street | G55: Open map | H55: 26.372011 | I55: 50.215565 | J55: Mixed Residential Compound | K55: Residential compound | L55: Operating (listed) | N55: 220 | O55: 1-3 bed apartments, 3-bed villas | P55: Gym Swimming Pool Kindergarten Reserved Parking Baby Nursery Beauty Salon Restaurant Snack Bar Billiard Tables Squash Court Basketball Court Wireless Internet Tennis Court Satellite Cable Pre-school Centre Recreational Room Business Centre Table Tenn | Q55: http://www.rondaco.com/ | S55: +966559008802 | U55: coordinator@rondaco.com | X55: https://www.linkedin.com/company/ronda-residence | AC55: Unknown | AE55: Verified | AF55: Property management, Marketing & leasing, Paid ad campaigns | AG55: 20 | AH55: 8 | AI55: 6 | AJ55: 15 | AK55: 0 | AL55: 5 | AM55: =SUM(AG55:AL55) -> 54 | AN55: =IF(AM55>=80,"A",IF(AM55>=60,"B","C")) -> C | AP55: https://rightcompound.com/compounds/khobar/ronda-residence-compound ; https://whichschooladvisor.com/saudi/area-guide/eastern-province/al-khobar ; https://compoundin.com/compounds/khobar/ronda-residence ; http://www.rondaco.com/ | AQ55: 2026-10-11
A56: KHB-055 | B56: Rima Residences | D56: Al Khobar | E56: Al Bandariyah (King Fahd Rd) | F56: Bustan District, King Fahid Road | G56: Open map | H56: 26.315007 | I56: 50.213817 | J56: Apartment Compound | K56: Residential compound | L56: Operating (listed) | N56: 216 | O56: Serviced apartments (10 buildings) | P56: Gym Swimming Pool Kindergarten Reserved Parking Baby Nursery Restaurant Snack Bar Billiard Tables Wireless Internet Satellite Cable Pre-school Centre Table Tennis Bus Transportation Children Playground Pest Control Security 24/7 Laundry Service Maint | Q56: https://www.rimaresidence.com/ | R56: +966138144907 | U56: info@rimaresidence.com | W56: https://www.facebook.com/RimaResidence/ | Y56: https://x.com/rimaresidence | AC56: Unknown | AE56: Unverified | AF56: Property management, Marketing & leasing, Paid ad campaigns | AG56: 20 | AH56: 8 | AI56: 6 | AJ56: 5 | AK56: 0 | AL56: 5 | AM56: =SUM(AG56:AL56) -> 44 | AN56: =IF(AM56>=80,"A",IF(AM56>=60,"B","C")) -> C | AO56: Official site did not load from the research environment. Units 216 vs 217 across sources. | AP56: https://rightcompound.com/compounds/khobar/rima-residence ; https://www.expat.com/en/forum/middle-east/saudi-arabia/khobar/778968-list-of-some-compounds-in-al-khobar-ksa.html ; https://www.saudiayp.com/company/247717/Rima_Residence ; https://www.rimaresidence.com/ ; https://www.facebook.com/RimaResidence/ | AQ56: 2026-10-11
A57: KHB-056 | B57: Al Rawabi Pearl Complex | D57: Al Khobar | E57: Ar Rawabi | F57: https://goo.gl/maps/EscCoHT2FK22 | G57: Open map | H57: 26.331454 | I57: 50.20555 | J57: Apartment Compound | K57: Residential compound | L57: Operating (listed) | O57: 1-3 bed apartments | P57: Gym Swimming Pool Reserved Parking Library Billiard Tables Basketball Court Volleyball Court Wireless Internet Satellite Cable Table Tennis Bus Transportation Garbage Chute Children Playground Pest Control Security 24/7 Laundry Service Maintenance Ro | AC57: Unknown | AE57: Not Available | AF57: Property management, Marketing & leasing, Social media management, Content & photography, Integrated services | AG57: 0 | AH57: 8 | AI57: 20 | AJ57: 0 | AK57: 0 | AL57: 5 | AM57: =SUM(AG57:AL57) -> 33 | AN57: =IF(AM57>=80,"A",IF(AM57>=60,"B","C")) -> C | AP57: https://rightcompound.com/compounds/khobar/al-rawabi-pearl-complex ; https://www.expat.com/en/forum/middle-east/saudi-arabia/khobar/778968-list-of-some-compounds-in-al-khobar-ksa.html ; https://compoundin.com/compounds/khobar/rawabi-pearl-compound | AQ57: 2026-10-11
A58: KHB-057 | B58: Gulf Homes Compound | D58: Dhahran (Greater Khobar) | E58: Prince Miteb St | F58: Prince Miteb bin Abdulaziz Street | G58: Open map | H58: 26.374512 | I58: 50.125637 | J58: Apartment Compound | K58: Residential compound | L58: Operating (listed) | N58: 195 | P58: Gym Swimming Pool Reserved Parking Beauty Salon Restaurant Snack Bar Satellite Cable Children Playground Security 24/7 Maintenance Outdoor Children Playground Mini Market Cafeteria Barber Shop | AC58: Unknown | AE58: Not Available | AF58: Property management, Marketing & leasing, Social media management, Content & photography, Integrated services | AG58: 15 | AH58: 8 | AI58: 20 | AJ58: 0 | AK58: 0 | AL58: 5 | AM58: =SUM(AG58:AL58) -> 48 | AN58: =IF(AM58>=80,"A",IF(AM58>=60,"B","C")) -> C | AP58: https://rightcompound.com/compounds/khobar/gulf-homes-compound ; https://www.expat.com/en/forum/middle-east/saudi-arabia/khobar/778968-list-of-some-compounds-in-al-khobar-ksa.html | AQ58: 2026-10-11
A59: KHB-058 | B59: The Vertical Village | D59: Al Khobar | E59: Ar Rawabi | F59: Al Khobar , Alrawabi distric | G59: Open map | H59: 26.335301 | I59: 50.203829 | J59: Apartment Compound | K59: Residential compound | L59: Operating (listed) | O59: Furnished serviced apartments | P59: Gym Swimming Pool Kindergarten Reserved Parking Baby Nursery Library Beauty Salon Restaurant Ballroom Snack Bar Billiard Tables Basketball Court Volleyball Court Wireless Internet Tennis Court Satellite Cable Recreational Room Business Centre Bowling | AC59: Unknown | AE59: Not Available | AF59: Property management, Marketing & leasing, Social media management, Content & photography, Integrated services | AG59: 0 | AH59: 8 | AI59: 20 | AJ59: 0 | AK59: 0 | AL59: 5 | AM59: =SUM(AG59:AL59) -> 33 | AN59: =IF(AM59>=80,"A",IF(AM59>=60,"B","C")) -> C | AP59: https://rightcompound.com/compounds/khobar/the-vertical-village-compound ; https://www.expat.com/en/forum/middle-east/saudi-arabia/khobar/778968-list-of-some-compounds-in-al-khobar-ksa.html | AQ59: 2026-10-11
A60: KHB-059 | B60: Al Ferdouse Village | D60: Al Khobar | E60: Al Aqrabiyah (Prince Hamoud St) | F60: Prince Hamoud Street no. 22 – AQRABIA Area | G60: Open map | H60: 26.299398 | I60: 50.202134 | J60: Villa Compound | K60: Residential compound | L60: Operating (listed) | N60: 65 | O60: 43 x 3-bed villas, 22 x 1-bed villas | P60: Gym Swimming Pool Reserved Parking Library Billiard Tables Squash Court Volleyball Court Tennis Court Satellite Cable Recreational Room Table Tennis Bus Transportation Children Playground Pest Control Security 24/7 Maintenance Barbecue Area Outdoor C | AC60: Unknown | AE60: Not Available | AF60: Property management, Marketing & leasing, Social media management, Content & photography, Integrated services | AG60: 10 | AH60: 8 | AI60: 20 | AJ60: 0 | AK60: 0 | AL60: 5 | AM60: =SUM(AG60:AL60) -> 43 | AN60: =IF(AM60>=80,"A",IF(AM60>=60,"B","C")) -> C | AP60: https://rightcompound.com/compounds/khobar/al-ferdouse ; https://www.expat.com/en/forum/middle-east/saudi-arabia/khobar/778968-list-of-some-compounds-in-al-khobar-ksa.html | AQ60: 2026-10-11
A61: KHB-060 | B61: Durrat Al Khaleej Compound | D61: Al Khobar | E61: Al Aziziyah | F61: Aziziah | G61: Open map | H61: 26.109005 | I61: 50.139563 | J61: Villa Compound | K61: Residential compound | L61: Operating (listed) | N61: 108 | P61: Gym Swimming Pool Reserved Parking Billiard Tables Basketball Court Volleyball Court Tennis Court Table Tennis Garbage Chute Children Playground Pest Control Security 24/7 Maintenance Outdoor Children Playground Mini Market Multipurpose Hall Shaded P | AC61: Unknown | AE61: Not Available | AF61: Property management, Marketing & leasing, Social media management, Content & photography, Integrated services | AG61: 15 | AH61: 8 | AI61: 20 | AJ61: 0 | AK61: 0 | AL61: 5 | AM61: =SUM(AG61:AL61) -> 48 | AN61: =IF(AM61>=80,"A",IF(AM61>=60,"B","C")) -> C | AP61: https://rightcompound.com/compounds/khobar/durrat-al-khaleej-compound | AQ61: 2026-10-11
A62: KHB-061 | B62: Nouf Compound | D62: Al Khobar | E62: Al Jawhara | F62: KSA | G62: Open map | H62: 26.326345 | I62: 50.190396 | J62: Villa Compound | K62: Residential compound | L62: Operating (listed) | N62: 33 | O62: 27 x 3-bed villas, 6 x 2-bed apartments | P62: Gym Swimming Pool Reserved Parking Billiard Tables Wireless Internet Satellite Cable Recreational Room Table Tennis Bus Transportation | AC62: Unknown | AE62: Not Available | AF62: Property management, Marketing & leasing, Social media management, Content & photography, Integrated services | AG62: 5 | AH62: 8 | AI62: 20 | AJ62: 0 | AK62: 0 | AL62: 5 | AM62: =SUM(AG62:AL62) -> 38 | AN62: =IF(AM62>=80,"A",IF(AM62>=60,"B","C")) -> C | AP62: https://rightcompound.com/compounds/khobar/nouf-compound ; https://whichschooladvisor.com/saudi/area-guide/eastern-province/al-khobar | AQ62: 2026-10-11
A63: KHB-062 | B63: Meadow Park (Medo Park) Compound | D63: Al Khobar | E63: Al Jawhara (Golden Belt) | F63: Al Jawhara district (Golden Belt) area by Al Quds street /Al mansuriyah street | G63: Open map | H63: 26.325882 | I63: 50.197359 | J63: Mixed Residential Compound | K63: Residential compound | L63: Operating (listed) | O63: 3-bed villas, 1-bed apartments | P63: Gym Swimming Pool Basketball Court Garbage Chute Pest Control Security 24/7 Maintenance Multipurpose Hall | AC63: Unknown | AE63: Not Available | AF63: Property management, Marketing & leasing, Social media management, Content & photography, Integrated services | AG63: 0 | AH63: 8 | AI63: 20 | AJ63: 0 | AK63: 0 | AL63: 5 | AM63: =SUM(AG63:AL63) -> 33 | AN63: =IF(AM63>=80,"A",IF(AM63>=60,"B","C")) -> C | AP63: https://rightcompound.com/compounds/khobar/medo-park-compound-al-khobar ; https://whichschooladvisor.com/saudi/area-guide/eastern-province/al-khobar | AQ63: 2026-10-11
A64: KHB-063 | B64: Nasamat Residence | D64: Al Khobar | E64: Al Tahliyah (Aziziyah) | F64: Al Tahliah , Aziziyah district | G64: Open map | H64: 26.189739 | I64: 50.211596 | J64: Staff Accommodation | K64: Residential compound | L64: Operating (listed) | O64: Individual and group housing | P64: Gym Reserved Parking Garbage Chute Pest Control Security 24/7 Maintenance Multipurpose Hall Green Area and Shaded Area CCTV | AC64: Unknown | AE64: Not Available | AF64: Property management, Marketing & leasing, Social media management, Content & photography, Integrated services | AG64: 0 | AH64: 8 | AI64: 20 | AJ64: 0 | AK64: 0 | AL64: 5 | AM64: =SUM(AG64:AL64) -> 33 | AN64: =IF(AM64>=80,"A",IF(AM64>=60,"B","C")) -> C | AP64: https://rightcompound.com/compounds/khobar/nasamat-residential-complex | AQ64: 2026-10-11
A65: KHB-064 | B65: Al Nawras Residential Compound | D65: Al Khobar | E65: Al Aziziyah | F65: Aziziyah (North of the New Municipality Bldg.) | G65: Open map | H65: 26.187868 | I65: 50.179539 | J65: Mixed Residential Compound | K65: Residential compound | L65: Operating (listed) | P65: Gym Swimming Pool Reserved Parking Snack Bar Wireless Internet Satellite Cable Recreational Room Business Centre Bus Transportation | AC65: Unknown | AE65: Not Available | AF65: Property management, Marketing & leasing, Social media management, Content & photography, Integrated services | AG65: 0 | AH65: 8 | AI65: 20 | AJ65: 0 | AK65: 0 | AL65: 5 | AM65: =SUM(AG65:AL65) -> 33 | AN65: =IF(AM65>=80,"A",IF(AM65>=60,"B","C")) -> C | AP65: https://rightcompound.com/compounds/khobar/al-nawras-residential-compound | AQ65: 2026-10-11
A66: KHB-065 | B66: Al Bilad Compound | D66: Al Khobar | E66: Golden Belt (near Taba Center) | F66: KSA | G66: Open map | H66: 26.317767 | I66: 50.184817 | J66: Mixed Residential Compound | K66: Residential compound | L66: Operating (listed) | P66: Swimming Pool Reserved Parking Basketball Court Wireless Internet Recreational Room Bus Transportation | AC66: Unknown | AE66: Not Available | AF66: Property management, Marketing & leasing, Social media management, Content & photography, Integrated services | AG66: 0 | AH66: 8 | AI66: 20 | AJ66: 0 | AK66: 0 | AL66: 5 | AM66: =SUM(AG66:AL66) -> 33 | AN66: =IF(AM66>=80,"A",IF(AM66>=60,"B","C")) -> C | AP66: https://rightcompound.com/compounds/khobar/al-bilad-compound | AQ66: 2026-10-11
A67: KHB-066 | B67: Al Falak Compound | D67: Al Khobar | E67: Al Rakah | F67: Rakah | G67: Open map | H67: 26.339656 | I67: 50.203528 | J67: Mixed Residential Compound | K67: Residential compound | L67: Operating (listed) | P67: Gym Swimming Pool Reserved Parking Basketball Court Tennis Court Recreational Room Table Tennis Garbage Chute Children Playground Pest Control Security 24/7 Maintenance Outdoor Children Playground Multipurpose Hall Shaded Parking Area Sauna Room CCTV | AC67: Unknown | AE67: Not Available | AF67: Property management, Marketing & leasing, Social media management, Content & photography, Integrated services | AG67: 0 | AH67: 8 | AI67: 20 | AJ67: 0 | AK67: 0 | AL67: 5 | AM67: =SUM(AG67:AL67) -> 33 | AN67: =IF(AM67>=80,"A",IF(AM67>=60,"B","C")) -> C | AP67: https://rightcompound.com/compounds/khobar/al-falak-compound | AQ67: 2026-10-11
A68: KHB-067 | B68: Al Khobar Views Complex | D68: Al Khobar | E68: Corniche | F68: Al Khobar - Al Cornish | G68: Open map | H68: 26.326626 | I68: 50.215462 | J68: Apartment Compound | K68: Residential compound | L68: Operating (listed) | P68: Gym Security 24/7 Maintenance Lounge Indoor Swimming Pool Sauna Room Jacuzzi Room CCTV Basement Private Parking | AC68: Unknown | AE68: Not Available | AF68: Property management, Marketing & leasing, Social media management, Content & photography, Integrated services | AG68: 0 | AH68: 8 | AI68: 20 | AJ68: 0 | AK68: 0 | AL68: 5 | AM68: =SUM(AG68:AL68) -> 33 | AN68: =IF(AM68>=80,"A",IF(AM68>=60,"B","C")) -> C | AP68: https://rightcompound.com/compounds/khobar/al-khobar-views-complex | AQ68: 2026-10-11
A69: KHB-068 | B69: AlReemah Village | D69: Al Khobar | E69: Al Andalus (Prince Mashour St) | F69: Prince Mashore st, Al Andalus, Al Khobar 34437 | G69: Open map | H69: 26.330725 | I69: 50.185772 | J69: Villa Compound | K69: Residential compound | L69: Operating (listed) | P69: Gym Swimming Pool Kindergarten Baby Nursery Squash Court Basketball Court Wireless Internet Tennis Court Garbage Chute Children Playground Pest Control Security 24/7 Maintenance Barbecue Area Outdoor Children Playground Lounge Multipurpose Hall Shade | AC69: Unknown | AE69: Not Available | AF69: Property management, Marketing & leasing, Social media management, Content & photography, Integrated services | AG69: 0 | AH69: 8 | AI69: 20 | AJ69: 0 | AK69: 0 | AL69: 5 | AM69: =SUM(AG69:AL69) -> 33 | AN69: =IF(AM69>=80,"A",IF(AM69>=60,"B","C")) -> C | AP69: https://rightcompound.com/compounds/khobar/alreemah-village | AQ69: 2026-10-11
A70: KHB-069 | B70: Azhar Residences Compound | D70: Al Khobar | E70: Al Yarmouk | F70: Al Yarmouk | G70: Open map | H70: 26.32083 | I70: 50.217509 | J70: Mixed Residential Compound | K70: Residential compound | L70: Operating (listed) | P70: Gym Tennis Court Recreational Room Pest Control Security 24/7 Maintenance Outdoor Children Playground Indoor Swimming Pool Shaded Parking Area Green Area and Shaded Area Pet Friendly Compound Reception Lounge Outdoor Garden Area BBQ area Secure Acces | AC70: Unknown | AE70: Not Available | AF70: Property management, Marketing & leasing, Social media management, Content & photography, Integrated services | AG70: 0 | AH70: 8 | AI70: 20 | AJ70: 0 | AK70: 0 | AL70: 5 | AM70: =SUM(AG70:AL70) -> 33 | AN70: =IF(AM70>=80,"A",IF(AM70>=60,"B","C")) -> C | AP70: https://rightcompound.com/compounds/khobar/azhar-residences-compound | AQ70: 2026-10-11
A71: KHB-070 | B71: Daar Residence Compound | D71: Al Khobar | F71: Al Khobar | G71: Open map | H71: 26.331615 | I71: 50.191319 | J71: Mixed Residential Compound | K71: Residential compound | L71: Operating (listed) | P71: Gym Swimming Pool Reserved Parking Restaurant Billiard Tables Squash Court Basketball Court Volleyball Court Tennis Court Recreational Room Bowling Table Tennis Bus Transportation Cinema Garbage Chute Children Playground Pest Control Security 24/7 Ma | AC71: Unknown | AE71: Not Available | AF71: Property management, Marketing & leasing, Social media management, Content & photography, Integrated services | AG71: 0 | AH71: 8 | AI71: 20 | AJ71: 0 | AK71: 0 | AL71: 5 | AM71: =SUM(AG71:AL71) -> 33 | AN71: =IF(AM71>=80,"A",IF(AM71>=60,"B","C")) -> C | AP71: https://rightcompound.com/compounds/khobar/daar-residence-compound-al-khobar | AQ71: 2026-10-11
A72: KHB-071 | B72: Dewan Al Jazirah Compound | D72: Al Khobar | E72: Coastal Road | F72: Al Khobar, Coastal Road | G72: Open map | H72: 26.317152 | I72: 50.219815 | J72: Mixed Residential Compound | K72: Residential compound | L72: Under construction (per listing; date unknown) | P72: Gym Swimming Pool Kindergarten Reserved Parking Snack Bar Billiard Tables Squash Court Basketball Court Volleyball Court Wireless Internet Tennis Court Satellite Cable Commercial Centre Recreational Room Table Tennis Bus Transportation | AC72: Unknown | AE72: Not Available | AF72: Property management, Marketing & leasing, Social media management, Content & photography, Integrated services | AG72: 0 | AH72: 13 | AI72: 20 | AJ72: 0 | AK72: 0 | AL72: 10 | AM72: =SUM(AG72:AL72) -> 43 | AN72: =IF(AM72>=80,"A",IF(AM72>=60,"B","C")) -> C | AP72: https://rightcompound.com/compounds/khobar/dewan-al-jazirah-compound | AQ72: 2026-10-11
A73: KHB-072 | B73: Jadawel Compound | D73: Al Khobar | E73: Near Dhahran Expo (Dammam Highway) | F73: Near to Dhahran International Exibition Centre | G73: Open map | H73: 26.366341 | I73: 50.206146 | J73: Mixed Residential Compound | K73: Residential compound | L73: Operating (listed) | P73: Gym Swimming Pool Kindergarten Reserved Parking Baby Nursery Beauty Salon Restaurant Ballroom Snack Bar Billiard Tables Basketball Court Tennis Court Satellite Cable Pre-school Centre Commercial Centre Recreational Room Business Centre Bowling Table | AC73: Unknown | AE73: Not Available | AF73: Property management, Marketing & leasing, Social media management, Content & photography, Integrated services | AG73: 0 | AH73: 8 | AI73: 20 | AJ73: 0 | AK73: 0 | AL73: 5 | AM73: =SUM(AG73:AL73) -> 33 | AN73: =IF(AM73>=80,"A",IF(AM73>=60,"B","C")) -> C | AO73: Also listed as 'Al Rakah residential compound - Al Jadawel' in a business directory. | AP73: https://rightcompound.com/compounds/khobar/jadawel-compound | AQ73: 2026-10-11
A74: KHB-073 | B74: Marbella Compound | D74: Dhahran (Greater Khobar) | E74: Doha area | F74: Doha area , Al Khobar / Dhahran | G74: Open map | H74: 26.341691 | I74: 50.151 | J74: Mixed Residential Compound | K74: Residential compound | L74: Operating (listed) | P74: Gym Swimming Pool Kindergarten Reserved Parking Baby Nursery Library Beauty Salon Restaurant Snack Bar Billiard Tables Wireless Internet Satellite Cable Recreational Room Business Centre Table Tennis Cigar Lounge Garbage Chute Children Playground Pes | AC74: Unknown | AE74: Not Available | AF74: Property management, Marketing & leasing, Social media management, Content & photography, Integrated services | AG74: 0 | AH74: 8 | AI74: 20 | AJ74: 0 | AK74: 0 | AL74: 5 | AM74: =SUM(AG74:AL74) -> 33 | AN74: =IF(AM74>=80,"A",IF(AM74>=60,"B","C")) -> C | AP74: https://rightcompound.com/compounds/khobar/marbella-compound | AQ74: 2026-10-11
A75: KHB-074 | B75: Mira Mar Compound | D75: Al Khobar | E75: Al Rakah (Prince Sultan St) | F75: Al Khobar, Rakah district, Prince Sultan St. | G75: Open map | H75: 26.338672 | I75: 50.206168 | J75: Mixed Residential Compound | K75: Residential compound | L75: Operating (listed) | P75: Swimming Pool Reserved Parking Wireless Internet Satellite Cable | AC75: Unknown | AE75: Not Available | AF75: Property management, Marketing & leasing, Social media management, Content & photography, Integrated services | AG75: 0 | AH75: 8 | AI75: 20 | AJ75: 0 | AK75: 0 | AL75: 5 | AM75: =SUM(AG75:AL75) -> 33 | AN75: =IF(AM75>=80,"A",IF(AM75>=60,"B","C")) -> C | AP75: https://rightcompound.com/compounds/khobar/mira-mar-residential-compound | AQ75: 2026-10-11
A76: KHB-075 | B76: Sanus Compound | D76: Al Khobar | E76: Al Rakah Al Janubiyah | F76: Al Rakah Al Janubiyah | G76: Open map | H76: 26.345379 | I76: 50.20097 | J76: Villa Compound | K76: Residential compound | L76: Operating (listed) | O76: 3-bed villas | P76: Gym Swimming Pool Recreational Room Barbecue Area CCTV Football Court | AC76: Unknown | AE76: Not Available | AF76: Property management, Marketing & leasing, Social media management, Content & photography, Integrated services | AG76: 0 | AH76: 8 | AI76: 20 | AJ76: 0 | AK76: 0 | AL76: 5 | AM76: =SUM(AG76:AL76) -> 33 | AN76: =IF(AM76>=80,"A",IF(AM76>=60,"B","C")) -> C | AP76: https://rightcompound.com/compounds/khobar/sanus-compound | AQ76: 2026-10-11
A77: KHB-076 | B77: Shahla Residential Compound | D77: Al Khobar | E77: King Faisal Rd | F77: King Faisal Road | G77: Open map | H77: 26.354815 | I77: 50.210422 | J77: Mixed Residential Compound | K77: Residential compound | L77: Operating (listed) | P77: Gym Swimming Pool Reserved Parking Restaurant Squash Court Basketball Court Tennis Court Recreational Room Bowling Children Playground Pest Control Security 24/7 Maintenance Outdoor Children Playground Mini Market Gaming Room Cafeteria Prayer Room Sa | AC77: Unknown | AE77: Not Available | AF77: Property management, Marketing & leasing, Social media management, Content & photography, Integrated services | AG77: 0 | AH77: 8 | AI77: 20 | AJ77: 0 | AK77: 0 | AL77: 5 | AM77: =SUM(AG77:AL77) -> 33 | AN77: =IF(AM77>=80,"A",IF(AM77>=60,"B","C")) -> C | AP77: https://rightcompound.com/compounds/khobar/shahla-residential-compound | AQ77: 2026-10-11
A78: KHB-077 | B78: Verona Villas | D78: Al Khobar | E78: Al Rakah (Moh. Al Fateh St) | F78: Rakah - Al Khobar facing Panda , Moh. Alfateh St. | G78: Open map | H78: 26.359362 | I78: 50.195761 | J78: Villa Compound | K78: Residential compound | L78: Operating (listed) | N78: 11 | P78: Gym Swimming Pool Reserved Parking Billiard Tables Recreational Room Table Tennis | AC78: Unknown | AE78: Not Available | AF78: Property management, Marketing & leasing, Social media management, Content & photography, Integrated services | AG78: 5 | AH78: 8 | AI78: 20 | AJ78: 0 | AK78: 0 | AL78: 5 | AM78: =SUM(AG78:AL78) -> 38 | AN78: =IF(AM78>=80,"A",IF(AM78>=60,"B","C")) -> C | AP78: https://rightcompound.com/compounds/khobar/verona-villas | AQ78: 2026-10-11
A79: KHB-078 | B79: Al Bayt Residence | D79: Al Khobar | E79: Behind Abdulla Fouad Tower | F79: Al Khobar , behind Abdullah Foaud Tower , beside Gama Hospital | G79: Open map | H79: 26.370436 | I79: 50.171653 | J79: Staff Accommodation | K79: Residential compound | L79: Operating (listed) | P79: Gym Reserved Parking Restaurant Snack Bar Billiard Tables Wireless Internet Satellite Cable Recreational Room Table Tennis Cigar Lounge Garbage Chute Pest Control Security 24/7 Laundry Service Maintenance Rooftop Garden Cafeteria Lounge Multipurpose | AC79: Unknown | AE79: Not Available | AF79: Property management, Marketing & leasing, Social media management, Content & photography, Integrated services | AG79: 0 | AH79: 8 | AI79: 20 | AJ79: 0 | AK79: 0 | AL79: 5 | AM79: =SUM(AG79:AL79) -> 33 | AN79: =IF(AM79>=80,"A",IF(AM79>=60,"B","C")) -> C | AO79: Designed for bachelors. | AP79: https://rightcompound.com/compounds/khobar/residence-complex ; https://www.expat.com/en/forum/middle-east/saudi-arabia/khobar/778968-list-of-some-compounds-in-al-khobar-ksa.html | AQ79: 2026-10-11
A80: KHB-079 | B80: Ajdan Rise Residential Tower | D80: Al Khobar | E80: Khobar Waterfront (Prince Turki St) | F80: Prince Turki St | G80: Open map | H80: 26.282933 | I80: 50.222003 | J80: Apartment Compound | K80: Residential tower (separate category) | L80: Operating (listed) | P80: Gym Swimming Pool Commercial Centre Business Centre Cinema Children Playground Pest Control Security 24/7 Maintenance Mini Market Gaming Room Lounge First Aid Room Intercom System CCTV Basement Private Parking Fiber Optic High Speed Internet Cab Serv | AC80: Unknown | AE80: Not Available | AF80: Property management, Marketing & leasing, Social media management, Content & photography, Integrated services | AG80: 0 | AH80: 8 | AI80: 20 | AJ80: 0 | AK80: 0 | AL80: 5 | AM80: =SUM(AG80:AL80) -> 33 | AN80: =IF(AM80>=80,"A",IF(AM80>=60,"B","C")) -> C | AO80: Residential tower, not a gated compound. RightCompound lists both 'Ajdan Rise Tower' and 'Tanmia Ajdan High Rise' - merged. | AP80: https://rightcompound.com/compounds/khobar/ajdan-rise-tower ; https://rightcompound.com/compounds/khobar/tanmia | AQ80: 2026-10-11
A81: KHB-080 | B81: Roseville Compound | D81: Al Khobar | E81: Al Andalus | J81: Villa Compound | K81: Residential compound | L81: Unknown | N81: 60 | O81: 44 x 4-bed villas, 16 x 2-bed apartments | AC81: Unknown | AE81: Not Available | AF81: Property management, Marketing & leasing, Social media management, Content & photography, Integrated services | AG81: 10 | AH81: 8 | AI81: 14 | AJ81: 0 | AK81: 0 | AL81: 0 | AM81: =SUM(AG81:AL81) -> 32 | AN81: =IF(AM81>=80,"A",IF(AM81>=60,"B","C")) -> C | AP81: https://whichschooladvisor.com/saudi/area-guide/eastern-province/al-khobar ; https://www.expat.com/en/forum/middle-east/saudi-arabia/khobar/778968-list-of-some-compounds-in-al-khobar-ksa.html | AQ81: 2026-10-11
A82: KHB-081 | B82: Al Rushaid Village | D82: Al Khobar | J82: Villa Compound | K82: Residential compound | L82: Unknown | AC82: Unknown | AE82: Not Available | AF82: Property management, Marketing & leasing, Social media management, Content & photography, Integrated services | AG82: 0 | AH82: 8 | AI82: 14 | AJ82: 0 | AK82: 0 | AL82: 0 | AM82: =SUM(AG82:AL82) -> 22 | AN82: =IF(AM82>=80,"A",IF(AM82>=60,"B","C")) -> C | AO82: Named in forum lists (Al Rushaid Village 1, 2, 3); no official site found. | AP82: https://www.expat.com/en/forum/middle-east/saudi-arabia/khobar/778968-list-of-some-compounds-in-al-khobar-ksa.html | AQ82: 2026-10-11
A83: KHB-082 | B83: Al Hogait Compound | D83: Al Khobar | J83: Family Compound | K83: Residential compound | L83: Unknown | AC83: Unknown | AE83: Not Available | AF83: Property management, Marketing & leasing, Social media management, Content & photography, Integrated services | AG83: 0 | AH83: 8 | AI83: 14 | AJ83: 0 | AK83: 0 | AL83: 0 | AM83: =SUM(AG83:AL83) -> 22 | AN83: =IF(AM83>=80,"A",IF(AM83>=60,"B","C")) -> C | AO83: Forum list only (~2018). | AP83: https://www.expat.com/en/forum/middle-east/saudi-arabia/khobar/778968-list-of-some-compounds-in-al-khobar-ksa.html | AQ83: 2026-10-11
A84: KHB-083 | B84: Sara Village (BAE) | D84: Al Khobar | J84: Corporate Housing | K84: Residential compound | L84: Unknown | AC84: Unknown | AE84: Not Available | AF84: Marketing & leasing, Social media management, Content & photography | AG84: 0 | AH84: 8 | AI84: 14 | AJ84: 0 | AK84: 0 | AL84: 0 | AM84: =SUM(AG84:AL84) -> 22 | AN84: =IF(AM84>=80,"A",IF(AM84>=60,"B","C")) -> C | AO84: Forum thread title links compound to BAE Systems housing. | AP84: https://www.expat.com/en/forum/middle-east/saudi-arabia/khobar/1043703-sara-village-compound-bae-al-khobar.html | AQ84: 2026-10-11
A85: KHB-084 | B85: Al Subeaei Towers | D85: Al Khobar | J85: Apartment Compound | K85: Residential tower (separate category) | L85: Unknown | AC85: Unknown | AE85: Not Available | AF85: Property management, Marketing & leasing, Social media management, Content & photography, Integrated services | AG85: 0 | AH85: 8 | AI85: 20 | AJ85: 0 | AK85: 0 | AL85: 0 | AM85: =SUM(AG85:AL85) -> 28 | AN85: =IF(AM85>=80,"A",IF(AM85>=60,"B","C")) -> C | AP85: https://compoundin.com/compounds/khobar/al-subeaei-towers | AQ85: 2026-10-11
A86: KHB-085 | B86: HY Compound | D86: Al Khobar | E86: Al Rakah | J86: Apartment Compound | K86: Short-stay / serviced (separate category) | L86: Unknown | M86: 2024 | AC86: Unknown | AE86: Not Available | AF86: Property management, Marketing & leasing, Social media management, Content & photography, Integrated services | AG86: 0 | AH86: 8 | AI86: 14 | AJ86: 0 | AK86: 0 | AL86: 10 | AM86: =SUM(AG86:AL86) -> 32 | AN86: =IF(AM86>=80,"A",IF(AM86>=60,"B","C")) -> C | AO86: Listed on Trip.com as accommodation opened 2024. | AP86: https://ae.trip.com/hotels/al-khobar-hotel-detail-96255647/hy-compound-hy-compound | AQ86: 2026-10-11

Sheet Al Khobar
A1: ID | B1: Compound (EN) | C1: Compound (AR) | D1: City | E1: District | F1: Address | G1: Google Maps | H1: Latitude | I1: Longitude | J1: Compound Type | K1: Category | L1: Status | M1: Opened | N1: Units | O1: Unit Types | P1: Facilities | Q1: Website | R1: Main Phone | S1: Mobile | T1: WhatsApp | U1: Emails | V1: Instagram | W1: Facebook | X1: LinkedIn | Y1: Other Social | Z1: Owner | AA1: Developer | AB1: Property Manager / Operator | AC1: Management Type | AD1: Ownership Source | AE1: Contact Verification | AF1: Opportunities | AG1: Size (20) | AH1: Fit (25) | AI1: Need (20) | AJ1: Contact (15) | AK1: Party (10) | AL1: Collab (10) | AM1: Lead Score | AN1: Priority | AO1: Notes | AP1: Sources | AQ1: Last Checked
A2: KHB-001 | B2: Canary Village | D2: Al Khobar | F2: KSA | G2: Open map | H2: 26.349239 | I2: 50.186673 | J2: Villa Compound | K2: Residential compound | L2: Operating (listed) | N2: 159 | O2: Furnished 3-bed villas | P2: Gym Swimming Pool Reserved Parking Baby Nursery Beauty Salon Restaurant Ballroom Billiard Tables Squash Court Basketball Court Volleyball Court Wireless Internet Tennis Court Satellite Cable Pre-school Centre Recreational Room Table Tennis Bus Transp | Q2: https://www.canaryvillage.com/ | R2: +966138590895 | S2: +966534022218 | U2: leasing@canaryvillage.com ; rental.office@canaryvillage.com | V2: https://www.instagram.com/canaryvillage | W2: https://www.facebook.com/canary.canary.714 | Y2: https://twitter.com/canaryvillage | Z2: Rashed Al Rashed & Sons Group | AC2: Owner Managed | AD2: https://rightcompound.com/compounds/khobar/canary-village | AE2: Verified | AF2: Property management, Marketing & leasing, Paid ad campaigns | AG2: 15 | AH2: 8 | AI2: 6 | AJ2: 15 | AK2: 10 | AL2: 5 | AM2: =SUM(AG2:AL2) -> 59 | AN2: =IF(AM2>=80,"A",IF(AM2>=60,"B","C")) -> C | AP2: https://rightcompound.com/compounds/khobar/canary-village ; https://whichschooladvisor.com/saudi/area-guide/eastern-province/al-khobar ; https://www.expat.com/en/forum/middle-east/saudi-arabia/khobar/778968-list-of-some-compounds-in-al-khobar-ksa.html ; https://www.canaryvillage.com/ | AQ2: 2026-10-11
A3: KHB-002 | B3: Canary Vista | D3: Al Khobar | E3: Al Maha / Al Aziziyah | J3: Villa Compound | K3: Residential compound | L3: Operating (listed) | N3: 326 | O3: Villas | Q3: https://canary-vista.com/ | R3: +966138494999 | S3: +966534022276 | U3: rentaloffice@canaryvista.com | V3: https://instagram.com/canaryvistacommunity | W3: https://www.facebook.com/2070283359669619 | AC3: Unknown | AE3: Verified | AF3: Property management, Marketing & leasing, Paid ad campaigns | AG3: 20 | AH3: 8 | AI3: 6 | AJ3: 15 | AK3: 0 | AL3: 0 | AM3: =SUM(AG3:AL3) -> 49 | AN3: =IF(AM3>=80,"A",IF(AM3>=60,"B","C")) -> C | AO3: Former owner Qatif Concessions Management Co. (ExxonMobil) until 2007 per WhichSchoolAdvisor; current owner not confirmed. Same 013 849 4999 number also appears on a Dhahran Tower Beach listing. | AP3: https://whichschooladvisor.com/saudi/area-guide/eastern-province/al-khobar ; https://compoundin.com/compounds/khobar/canary-vista ; https://canary-vista.com/ | AQ3: 2026-10-11
A4: KHB-003 | B4: Eurovillage | D4: Al Khobar | E4: Prince Sultan Road (central Khobar) | J4: Villa Compound | K4: Residential compound | L4: Operating (listed) | N4: 560 | O4: Villas | Q4: https://www.eurovillage.sa/ | R4: 0138579780 | V4: https://www.instagram.com/eurovillage_compound | W4: https://www.facebook.com/EuroVillageSA | X4: https://www.linkedin.com/company/eurovillage-compound | AC4: Unknown | AE4: Verified | AF4: Property management, Paid ad campaigns | AG4: 20 | AH4: 8 | AI4: 0 | AJ4: 10 | AK4: 0 | AL4: 0 | AM4: =SUM(AG4:AL4) -> 38 | AN4: =IF(AM4>=80,"A",IF(AM4>=60,"B","C")) -> C | AO4: 'Over 560 villas' per expat guides; unit count not stated on official site. | AP4: https://soulofsaudi.com/best-compounds-in-saudi-arabia-for-expats/ ; https://www.expat.com/en/forum/middle-east/saudi-arabia/khobar/778968-list-of-some-compounds-in-al-khobar-ksa.html ; https://www.eurovillage.sa/contact/ | AQ4: 2026-10-11
A5: KHB-004 | B5: Las Dunas Compound | D5: Al Khobar | E5: Ar Rawabi | J5: Villa Compound | K5: Residential compound | L5: Operating (listed) | Q5: https://www.lasdunas-sa.com/ | S5: +966505876327 | U5: info@lasdunas-sa.com | AC5: Unknown | AE5: Verified | AF5: Property management, Marketing & leasing, Social media management | AG5: 0 | AH5: 8 | AI5: 6 | AJ5: 15 | AK5: 0 | AL5: 0 | AM5: =SUM(AG5:AL5) -> 29 | AN5: =IF(AM5>=80,"A",IF(AM5>=60,"B","C")) -> C | AP5: https://whichschooladvisor.com/saudi/area-guide/eastern-province/al-khobar ; https://www.lasdunas-sa.com/ | AQ5: 2026-10-11
A6: KHB-005 | B6: Riviera Waterfront Village | C6: ريفييرا قرية الواجهة البحرية | D6: Al Khobar | E6: Ishbiliya | F6: Ishbiliya, Al Khobar 34712 | G6: Open map | H6: 26.200206 | I6: 50.216558 | J6: Luxury Residential Compound | K6: Residential compound | L6: Operating (listed) | O6: Studios, 1-3 bed apartments, villas | P6: Gym Swimming Pool Kindergarten Reserved Parking Baby Nursery Beauty Salon Restaurant Ballroom Snack Bar Billiard Tables Squash Court Basketball Court Wireless Internet Tennis Court Satellite Cable Commercial Centre Recreational Room Business Centre T | Q6: https://www.rivieracompound.com/ | R6: 0138193555 | S6: 0580875741 | V6: https://www.instagram.com/rivieracompound | W6: https://www.facebook.com/Rivieracompoundsa | X6: https://www.linkedin.com/showcase/rivieracompound | Y6: https://www.snapchat.com/add/compoundriviera ; https://twitter.com/RivieraCompound | AC6: Unknown | AE6: Verified | AF6: Property management, Marketing & leasing, Paid ad campaigns | AG6: 0 | AH6: 8 | AI6: 6 | AJ6: 10 | AK6: 0 | AL6: 5 | AM6: =SUM(AG6:AL6) -> 29 | AN6: =IF(AM6>=80,"A",IF(AM6>=60,"B","C")) -> C | AP6: https://rightcompound.com/compounds/khobar/riviera-waterfront-village ; https://whichschooladvisor.com/saudi/area-guide/eastern-province/al-khobar ; https://www.rivieracompound.com/ | AQ6: 2026-10-11
A7: KHB-006 | B7: Al Mohamadia Compound | C7: مجمع المحمدية | D7: Al Khobar | E7: Al Sadafah | F7: Al Khobar | G7: Open map | H7: 26.366418 | I7: 50.210438 | J7: Mixed Residential Compound | K7: Residential compound | L7: Operating (listed) | N7: 262 | O7: Villas, apartments, studios | P7: Gym Swimming Pool Reserved Parking Baby Nursery Beauty Salon Restaurant Snack Bar Billiard Tables Basketball Court Volleyball Court Wireless Internet Tennis Court Satellite Cable Recreational Room Table Tennis Bus Transportation | Q7: https://www.al-othman.com/ar/al-mohamadia-compound | R7: +966138142288 | U7: info@al-othman.com | V7: https://instagram.com/alothman.holding | W7: https://www.facebook.com/pages/AlOthman-Holding/1492267767733144 | X7: https://www.linkedin.com/company/al--othman-holding-company | Z7: Al Othman Holding Company | AB7: Al Othman Holding Company | AC7: Owner Managed | AD7: https://rightcompound.com/compounds/khobar/mohamadia-compound | AE7: Verified | AF7: Property management, Marketing & leasing, Paid ad campaigns | AG7: 20 | AH7: 8 | AI7: 6 | AJ7: 15 | AK7: 10 | AL7: 5 | AM7: =SUM(AG7:AL7) -> 64 | AN7: =IF(AM7>=80,"A",IF(AM7>=60,"B","C")) -> B | AO7: Unit count differs: 262 (Property Finder), 96 (RightCompound), 1,152 (WhichSchoolAdvisor). Contacts are the holding company's. | AP7: https://rightcompound.com/compounds/khobar/mohamadia-compound ; https://www.propertyfinder.sa/blog/%D9%83%D9%85%D8%A8%D9%88%D9%86%D8%AF%D8%A7%D8%AA-%D8%A7%D9%84%D8%AE%D8%A8%D8%B1-%D9%85%D8%AC%D9%85%D8%B9%D8%A7%D8%AA-%D8%B3%D9%83%D9%86%D9%8A%D8%A9-%D8%B9%D8%A7%D9%84%D9%85%D9%8A%D8%A9-%D8%B9%D9%84/ ; https://whichschooladvisor.com/saudi/area-guide/eastern-province/al-khobar ; https://www.al-othman.com/ar/al-mohamadia-compound | AQ7: 2026-10-11
A8: KHB-007 | B8: Zamil Village | D8: Al Khobar | E8: Al Qashlah | F8: 958F+CJ8, Al Qashlah, Al Khobar 34232 | G8: Open map | H8: 26.367623 | I8: 50.17397 | J8: Mixed Residential Compound | K8: Residential compound | L8: Operating (listed) | N8: 254 | O8: 168 apartments, 86 villas | P8: Gym Swimming Pool Kindergarten Reserved Parking Baby Nursery Library Beauty Salon Restaurant Ballroom Snack Bar Billiard Tables Squash Court Basketball Court Volleyball Court Wireless Internet Tennis Court Satellite Cable Pre-school Centre Recreation | Q8: https://zamilrealestate.com/en | R8: +966138136225 | T8: +966138136225 | U8: info@zamilre.com ; marketing@zamilre.com | Y8: https://x.com/ZamilGroup | Z8: Zamil Real Estate | AB8: Zamil Real Estate | AC8: Developer Managed | AD8: https://whichschooladvisor.com/saudi/area-guide/eastern-province/al-khobar | AE8: Verified | AF8: Marketing & leasing, Paid ad campaigns | AG8: 20 | AH8: 8 | AI8: 6 | AJ8: 15 | AK8: 10 | AL8: 5 | AM8: =SUM(AG8:AL8) -> 64 | AN8: =IF(AM8>=80,"A",IF(AM8>=60,"B","C")) -> B | AP8: https://rightcompound.com/compounds/khobar/zamil-village-residential-compound ; https://whichschooladvisor.com/saudi/area-guide/eastern-province/al-khobar ; https://zamilrealestate.com/en | AQ8: 2026-10-11
A9: KHB-008 | B9: Wadi Village | D9: Al Khobar | E9: Qurtubah | F9: Al Khobar | G9: Open map | H9: 26.249144 | I9: 50.160377 | J9: Luxury Residential Compound | K9: Residential compound | L9: Operating (listed) | N9: 52 | O9: Villas and apartments | P9: Gym Swimming Pool Reserved Parking Library Restaurant Billiard Tables Squash Court Basketball Court Volleyball Court Wireless Internet Tennis Court Satellite Cable Recreational Room Table Tennis Bus Transportation Garbage Chute Children Playground Pe | AC9: Third-Party Property Management | AE9: Not Available | AF9: Marketing & leasing, Social media management, Content & photography | AG9: 10 | AH9: 8 | AI9: 20 | AJ9: 0 | AK9: 0 | AL9: 5 | AM9: =SUM(AG9:AL9) -> 43 | AN9: =IF(AM9>=80,"A",IF(AM9>=60,"B","C")) -> C | AO9: WhichSchoolAdvisor says 'British management' (unnamed) and links to zamilrealestate.com; operator not confirmed. | AP9: https://rightcompound.com/compounds/khobar/al-wadi-village ; https://whichschooladvisor.com/saudi/area-guide/eastern-province/al-khobar | AQ9: 2026-10-11
A10: KHB-009 | B10: Arabian Village (Arabian Homes) | D10: Al Khobar | E10: Qurtubah | F10: Qutuba district , Al Khobar | G10: Open map | H10: 26.336099 | I10: 50.181813 | J10: Mixed Residential Compound | K10: Residential compound | L10: Operating (listed) | M10: 2008 | N10: 134 | O10: 108 apartments, 26 villas | P10: Gym Swimming Pool Reserved Parking Baby Nursery Library Restaurant Billiard Tables Squash Court Basketball Court Volleyball Court Wireless Internet Tennis Court Satellite Cable Recreational Room Table Tennis Bus Transportation Garbage Chute Children | AC10: Third-Party Property Management | AE10: Not Available | AF10: Marketing & leasing, Social media management, Content & photography | AG10: 15 | AH10: 8 | AI10: 20 | AJ10: 0 | AK10: 0 | AL10: 5 | AM10: =SUM(AG10:AL10) -> 48 | AN10: =IF(AM10>=80,"A",IF(AM10>=60,"B","C")) -> C | AO10: Units: 134 (WhichSchoolAdvisor) vs 126 (RightCompound). 'Managed by a British team' (unnamed). | AP10: https://rightcompound.com/compounds/khobar/arabian-homes-al-khobar ; https://whichschooladvisor.com/saudi/area-guide/eastern-province/al-khobar | AQ10: 2026-10-11
A11: KHB-010 | B11: Retal Residence | D11: Al Khobar | E11: Al Rakah | F11: Retal Residence - 9268 Salma Bin Suliman Str. | G11: Open map | H11: 26.377357 | I11: 50.218291 | J11: Mixed Residential Compound | K11: Residential compound | L11: Operating (listed) | P11: Gym Swimming Pool Kindergarten Reserved Parking Baby Nursery Library Beauty Salon Restaurant Ballroom Snack Bar Billiard Tables Squash Court Basketball Court Volleyball Court Wireless Internet Tennis Court Satellite Cable Pre-school Centre Commercial | Q11: https://www.retalresidence.com/ | R11: +966138259600 | T11: +966562416136 | U11: info@retalresidence.com ; sales@retalresidence.com | AC11: Unknown | AE11: Verified | AF11: Property management, Marketing & leasing, Social media management | AG11: 0 | AH11: 8 | AI11: 12 | AJ11: 15 | AK11: 0 | AL11: 5 | AM11: =SUM(AG11:AL11) -> 40 | AN11: =IF(AM11>=80,"A",IF(AM11>=60,"B","C")) -> C | AP11: https://rightcompound.com/compounds/khobar/retal-residence ; https://compoundin.com/rent/listing/1/0/0-0 ; https://www.retalresidence.com/ | AQ11: 2026-10-11
A12: KHB-011 | B12: Grand Village | C12: جراند فيلج | D12: Al Khobar | E12: North Khobar (Prince Saud Al Faisal Rd) | J12: Luxury Residential Compound | K12: Residential compound | L12: Operating (listed) | O12: Villas, townhouses, duplexes (furnished) | Q12: https://www.grandvillage.com.sa/ | S12: +966551222424 | U12: info@grandvillage.com.sa | AC12: Unknown | AE12: Cross-Checked | AF12: Property management, Marketing & leasing, Social media management | AG12: 0 | AH12: 8 | AI12: 12 | AJ12: 15 | AK12: 0 | AL12: 0 | AM12: =SUM(AG12:AL12) -> 35 | AN12: =IF(AM12>=80,"A",IF(AM12>=60,"B","C")) -> C | AP12: https://www.propertyfinder.sa/blog/%D9%83%D9%85%D8%A8%D9%88%D9%86%D8%AF%D8%A7%D8%AA-%D8%A7%D9%84%D8%AE%D8%A8%D8%B1-%D9%85%D8%AC%D9%85%D8%B9%D8%A7%D8%AA-%D8%B3%D9%83%D9%86%D9%8A%D8%A9-%D8%B9%D8%A7%D9%84%D9%85%D9%8A%D8%A9-%D8%B9%D9%84/ ; https://www.grandvillage.com.sa/ | AQ12: 2026-10-11
A13: KHB-012 | B13: Alef Compound | D13: Al Khobar | E13: Ishbiliya / Aziziyah | F13: Ishbilia district, Aziziah | G13: Open map | H13: 26.200387 | I13: 50.215008 | J13: Villa Compound | K13: Residential compound | L13: Operating (listed) | P13: Gym Swimming Pool Kindergarten Reserved Parking Baby Nursery Restaurant Snack Bar Billiard Tables Wireless Internet Satellite Cable Recreational Room Table Tennis Bus Transportation Garbage Chute Children Playground Pest Control Security 24/7 Laundry | Q13: https://alef-home.com/ | U13: info@alef-home.com | V13: https://www.instagram.com/alefkhobar | W13: https://www.facebook.com/Alef-Home-Compound-Khobar-Saudi-Arabia-105496395332383 | Y13: https://twitter.com/AlefHome | AC13: Unknown | AE13: Verified | AF13: Property management, Marketing & leasing, Paid ad campaigns | AG13: 0 | AH13: 8 | AI13: 6 | AJ13: 10 | AK13: 0 | AL13: 5 | AM13: =SUM(AG13:AL13) -> 29 | AN13: =IF(AM13>=80,"A",IF(AM13>=60,"B","C")) -> C | AP13: https://rightcompound.com/compounds/khobar/alef-compound ; https://www.expat.com/en/forum/middle-east/saudi-arabia/khobar/778968-list-of-some-compounds-in-al-khobar-ksa.html ; https://alef-home.com/ | AQ13: 2026-10-11
A14: KHB-013 | B14: Al Ansari Compound One | D14: Al Khobar | F14: Al Khobar | G14: Open map | H14: 26.338191 | I14: 50.179667 | J14: Mixed Residential Compound | K14: Residential compound | L14: Operating (listed) | P14: Gym Swimming Pool Kindergarten Reserved Parking Baby Nursery Billiard Tables Squash Court Basketball Court Volleyball Court Wireless Internet Tennis Court Satellite Cable Recreational Room Bus Transportation Garbage Chute Children Playground Pest Con | Q14: https://alansari.com.sa/ | R14: +966138098913 | S14: +966531223352 | U14: info@alansari.com | X14: https://www.linkedin.com/company/al-ansari-holding-group | Z14: Al Ansari Holding Group (name association) | AB14: Abyan Real Estate Company | AC14: Third-Party Property Management | AD14: https://rightcompound.com/compounds/khobar/al-ansary-compound | AE14: Unverified | AF14: Marketing & leasing, Paid ad campaigns | AG14: 0 | AH14: 8 | AI14: 6 | AJ14: 5 | AK14: 10 | AL14: 5 | AM14: =SUM(AG14:AL14) -> 34 | AN14: =IF(AM14>=80,"A",IF(AM14>=60,"B","C")) -> C | AO14: Owner link to Al Ansari Holding inferred from WhichSchoolAdvisor linking alansari.com.sa; not confirmed. | AP14: https://rightcompound.com/compounds/khobar/al-ansary-compound ; https://www.expat.com/en/forum/middle-east/saudi-arabia/khobar/778968-list-of-some-compounds-in-al-khobar-ksa.html ; https://alansari.com.sa/contact-us/ | AQ14: 2026-10-11
A15: KHB-014 | B15: Al Ansari Compound Two | D15: Al Khobar | E15: Beside French School of Khobar | F15: Al Khobar, beside the French school of Khobar | G15: Open map | H15: 26.324749 | I15: 50.192349 | J15: Mixed Residential Compound | K15: Residential compound | L15: Operating (listed) | N15: 86 | O15: 1-3 bed apartments, 3-bed villas | P15: Gym Swimming Pool Kindergarten Reserved Parking Snack Bar Billiard Tables Squash Court Basketball Court Volleyball Court Wireless Internet Tennis Court Satellite Cable Recreational Room Business Centre Table Tennis Bus Transportation Garbage Chute Ch | Q15: https://alansari.com.sa/ | S15: +966531223352 | AB15: Abyan Real Estate Company | AC15: Third-Party Property Management | AD15: https://rightcompound.com/compounds/khobar/al-ansari-compound-two-al-khobar | AE15: Unverified | AF15: Marketing & leasing, Social media management | AG15: 10 | AH15: 8 | AI15: 12 | AJ15: 5 | AK15: 10 | AL15: 5 | AM15: =SUM(AG15:AL15) -> 50 | AN15: =IF(AM15>=80,"A",IF(AM15>=60,"B","C")) -> C | AP15: https://rightcompound.com/compounds/khobar/al-ansari-compound-two-al-khobar ; https://whichschooladvisor.com/saudi/area-guide/eastern-province/al-khobar | AQ15: 2026-10-11
A16: KHB-015 | B16: Black Pearl Residential Compound | C16: مجمع اللؤلؤة السوداء (بلاك بيرل) | D16: Al Khobar | E16: Al Aziziyah | F16: Azzizyah | G16: Open map | H16: 26.205285 | I16: 50.181047 | J16: Luxury Residential Compound | K16: Residential compound | L16: Operating (listed) | N16: 138 | O16: VIP villas 272 sqm, villas 232 sqm, apartments 107 sqm | P16: Gym Swimming Pool Kindergarten Restaurant Billiard Tables Squash Court Basketball Court Volleyball Court Wireless Internet Tennis Court Satellite Cable Recreational Room Table Tennis Bus Transportation Children Playground Pest Control Security 24/7 M | Q16: https://www.aswadgroup.com/info/al-aswad-compound | R16: +966138055050 | S16: +966503105813 | U16: info@aswadgroup.com | Z16: Aswad Group (Al Aswad Compound) | AC16: Owner Managed | AD16: https://www.aswadgroup.com/info/al-aswad-compound | AE16: Verified | AF16: Property management, Marketing & leasing, Social media management | AG16: 15 | AH16: 8 | AI16: 12 | AJ16: 15 | AK16: 10 | AL16: 5 | AM16: =SUM(AG16:AL16) -> 65 | AN16: =IF(AM16>=80,"A",IF(AM16>=60,"B","C")) -> B | AP16: https://rightcompound.com/compounds/khobar/black-pearl-residential-compound ; https://whichschooladvisor.com/saudi/area-guide/eastern-province/al-khobar ; https://www.propertyfinder.sa/blog/%D9%83%D9%85%D8%A8%D9%88%D9%86%D8%AF%D8%A7%D8%AA-%D8%A7%D9%84%D8%AE%D8%A8%D8%B1-%D9%85%D8%AC%D9%85%D8%B9%D8%A7%D8%AA-%D8%B3%D9%83%D9%86%D9%8A%D8%A9-%D8%B9%D8%A7%D9%84%D9%85%D9%8A%D8%A9-%D8%B9%D9%84/ ; https://www.aswadgroup.com/info/al-aswad-compound | AQ16: 2026-10-11
A17: KHB-016 | B17: Jzala Residential Compound | C17: كمبوند جزالا | D17: Al Khobar | E17: King Saud St (Old Airport Rd) | F17: King Saud St | G17: Open map | H17: 26.335634 | I17: 50.17971 | J17: Villa Compound | K17: Residential compound | L17: Operating (listed) | N17: 100 | O17: Villas 240/260 sqm | P17: Gym Swimming Pool Reserved Parking Baby Nursery Library Restaurant Ballroom Snack Bar Squash Court Basketball Court Volleyball Court Wireless Internet Tennis Court Satellite Cable Recreational Room Business Centre Table Tennis Bus Transportation | S17: 0507328261 | U17: j1@jzala.net | AC17: Unknown | AE17: Cross-Checked | AF17: Property management, Marketing & leasing, Social media management, Content & photography, Integrated services | AG17: 15 | AH17: 8 | AI17: 20 | AJ17: 15 | AK17: 0 | AL17: 5 | AM17: =SUM(AG17:AL17) -> 63 | AN17: =IF(AM17>=80,"A",IF(AM17>=60,"B","C")) -> B | AO17: 'More than 100 villas' (Property Finder). | AP17: https://rightcompound.com/compounds/khobar/jzala-residential-compound-i ; https://www.expat.com/en/forum/middle-east/saudi-arabia/khobar/778968-list-of-some-compounds-in-al-khobar-ksa.html ; https://www.propertyfinder.sa/blog/%D9%83%D9%85%D8%A8%D9%88%D9%86%D8%AF%D8%A7%D8%AA-%D8%A7%D9%84%D8%AE%D8%A8%D8%B1-%D9%85%D8%AC%D9%85%D8%B9%D8%A7%D8%AA-%D8%B3%D9%83%D9%86%D9%8A%D8%A9-%D8%B9%D8%A7%D9%84%D9%85%D9%8A%D8%A9-%D8%B9%D9%84/ | AQ17: 2026-10-11
A18: KHB-017 | B18: Al Fares Residential Compound | C18: مجمع الفارس السكني | D18: Al Khobar | E18: Al Manara Al Bayda St (near Corniche) | F18: 7292 Al Manarah Al Bayda | G18: Open map | H18: 26.327196 | I18: 50.225152 | J18: Villa Compound | K18: Residential compound | L18: Operating (listed) | N18: 15 | O18: 4-bed villas 240 sqm | P18: Gym Swimming Pool Reserved Parking Ballroom Billiard Tables Wireless Internet Satellite Cable Table Tennis Children Playground Pest Control Security 24/7 Maintenance Barbecue Area Outdoor Children Playground Multipurpose Hall Shaded Parking Area Saun | S18: 0500733111 | U18: kazlak@alworoud.com | AC18: Unknown | AE18: Unverified | AF18: Property management, Marketing & leasing, Social media management, Content & photography, Integrated services | AG18: 5 | AH18: 8 | AI18: 20 | AJ18: 5 | AK18: 0 | AL18: 5 | AM18: =SUM(AG18:AL18) -> 43 | AN18: =IF(AM18>=80,"A",IF(AM18>=60,"B","C")) -> C | AO18: 15 villas (Property Finder) vs 16 (RightCompound). | AP18: https://rightcompound.com/compounds/khobar/alfares-compound ; https://www.propertyfinder.sa/blog/%D9%83%D9%85%D8%A8%D9%88%D9%86%D8%AF%D8%A7%D8%AA-%D8%A7%D9%84%D8%AE%D8%A8%D8%B1-%D9%85%D8%AC%D9%85%D8%B9%D8%A7%D8%AA-%D8%B3%D9%83%D9%86%D9%8A%D8%A9-%D8%B9%D8%A7%D9%84%D9%85%D9%8A%D8%A9-%D8%B9%D9%84/ | AQ18: 2026-10-11
A19: KHB-018 | B19: Al Remal Village | C19: مجمع الرمال السكني | D19: Al Khobar | E19: Al Andalus / Golden Belt (Al Quds St) | J19: Mixed Residential Compound | K19: Residential compound | L19: Unknown | N19: 124 | O19: Villas, duplexes, townhouses, 1-2 bed apartments | R19: 920004598 | S19: 0508146999 | AC19: Unknown | AE19: Unverified | AF19: Property management, Marketing & leasing, Social media management, Content & photography, Integrated services | AG19: 15 | AH19: 8 | AI19: 20 | AJ19: 5 | AK19: 0 | AL19: 0 | AM19: =SUM(AG19:AL19) -> 48 | AN19: =IF(AM19>=80,"A",IF(AM19>=60,"B","C")) -> C | AP19: https://whichschooladvisor.com/saudi/area-guide/eastern-province/al-khobar ; https://www.propertyfinder.sa/blog/%D9%83%D9%85%D8%A8%D9%88%D9%86%D8%AF%D8%A7%D8%AA-%D8%A7%D9%84%D8%AE%D8%A8%D8%B1-%D9%85%D8%AC%D9%85%D8%B9%D8%A7%D8%AA-%D8%B3%D9%83%D9%86%D9%8A%D8%A9-%D8%B9%D8%A7%D9%84%D9%85%D9%8A%D8%A9-%D8%B9%D9%84/ | AQ19: 2026-10-11
A20: KHB-019 | B20: Nesma Compound | C20: كمباوند نسمة | D20: Al Khobar | E20: Al Jawhara (Al Quds St) | J20: Villa Compound | K20: Residential compound | L20: Unknown | O20: Villas | R20: +966138871838 | S20: 0535553932 | X20: https://www.linkedin.com/company/nesma-holding | Z20: Nesma Real Estate Company (per Property Finder) | AC20: Owner Managed | AD20: https://www.propertyfinder.sa/blog/%D9%83%D9%85%D8%A8%D9%88%D9%86%D8%AF%D8%A7%D8%AA-%D8%A7%D9%84%D8%AE%D8%A8%D8%B1-%D9%85%D8%AC%D9%85%D8%B9%D8%A7%D8%AA-%D8%B3%D9%83%D9%86%D9%8A%D8%A9-%D8%B9%D8%A7%D9%84%D9%85%D9%8A%D8%A9-%D8%B9%D9%84/ | AE20: Unverified | AF20: Property management, Marketing & leasing, Content & photography, Paid ad campaigns, Integrated services | AG20: 0 | AH20: 8 | AI20: 14 | AJ20: 5 | AK20: 10 | AL20: 0 | AM20: =SUM(AG20:AL20) -> 37 | AN20: =IF(AM20>=80,"A",IF(AM20>=60,"B","C")) -> C | AP20: https://www.propertyfinder.sa/blog/%D9%83%D9%85%D8%A8%D9%88%D9%86%D8%AF%D8%A7%D8%AA-%D8%A7%D9%84%D8%AE%D8%A8%D8%B1-%D9%85%D8%AC%D9%85%D8%B9%D8%A7%D8%AA-%D8%B3%D9%83%D9%86%D9%8A%D8%A9-%D8%B9%D8%A7%D9%84%D9%85%D9%8A%D8%A9-%D8%B9%D9%84/ | AQ20: 2026-10-11
A21: KHB-020 | B21: Qurtuba Residential Complex | C21: مجمع قرطبة السكني | D21: Al Khobar | E21: Qurtubah (Prince Sultan Rd) | J21: Apartment Compound | K21: Residential compound | L21: Unknown | N21: 46 | O21: Furnished studios, 1-2 bed apartments | AC21: Unknown | AE21: Not Available | AF21: Property management, Marketing & leasing, Social media management, Content & photography, Integrated services | AG21: 5 | AH21: 8 | AI21: 20 | AJ21: 0 | AK21: 0 | AL21: 0 | AM21: =SUM(AG21:AL21) -> 33 | AN21: =IF(AM21>=80,"A",IF(AM21>=60,"B","C")) -> C | AP21: https://www.propertyfinder.sa/blog/%D9%83%D9%85%D8%A8%D9%88%D9%86%D8%AF%D8%A7%D8%AA-%D8%A7%D9%84%D8%AE%D8%A8%D8%B1-%D9%85%D8%AC%D9%85%D8%B9%D8%A7%D8%AA-%D8%B3%D9%83%D9%86%D9%8A%D8%A9-%D8%B9%D8%A7%D9%84%D9%85%D9%8A%D8%A9-%D8%B9%D9%84/ | AQ21: 2026-10-11
A22: KHB-021 | B22: Retal Khobar (Rtal Square) | C22: كمباوند رتال الخبر | D22: Al Khobar | E22: Al Bandariyah | J22: Apartment Compound | K22: Residential compound | L22: Unknown | N22: 96 | O22: 2-4 bed apartments (for sale) | R22: +966920021022 | AA22: Retal (per Property Finder) | AC22: Developer Managed | AE22: Unverified | AF22: Marketing & leasing, Social media management, Content & photography | AG22: 10 | AH22: 8 | AI22: 20 | AJ22: 5 | AK22: 5 | AL22: 0 | AM22: =SUM(AG22:AL22) -> 48 | AN22: =IF(AM22>=80,"A",IF(AM22>=60,"B","C")) -> C | AO22: Sale project, not rental compound. | AP22: https://www.propertyfinder.sa/blog/%D9%83%D9%85%D8%A8%D9%88%D9%86%D8%AF%D8%A7%D8%AA-%D8%A7%D9%84%D8%AE%D8%A8%D8%B1-%D9%85%D8%AC%D9%85%D8%B9%D8%A7%D8%AA-%D8%B3%D9%83%D9%86%D9%8A%D8%A9-%D8%B9%D8%A7%D9%84%D9%85%D9%8A%D8%A9-%D8%B9%D9%84/ | AQ22: 2026-10-11
A23: KHB-022 | B23: Seashore Residence | C23: كومباوند سي شور | D23: Al Khobar | F23: Aziziyah district | G23: Open map | H23: 26.16613 | I23: 50.195653 | J23: Mixed Residential Compound | K23: Residential compound | L23: Operating (listed) | O23: Villas 201-210 sqm, apartments 43-48 sqm | P23: Gym Swimming Pool Kindergarten Reserved Parking Baby Nursery Library Restaurant Billiard Tables Basketball Court Volleyball Court Wireless Internet Tennis Court Satellite Cable Recreational Room Business Centre Table Tennis Bus Transportation Cinema | Q23: https://seashoreresidence.com/ | S23: 0567700021 | AC23: Unknown | AE23: Unverified | AF23: Property management, Marketing & leasing, Social media management | AG23: 0 | AH23: 8 | AI23: 12 | AJ23: 5 | AK23: 0 | AL23: 5 | AM23: =SUM(AG23:AL23) -> 30 | AN23: =IF(AM23>=80,"A",IF(AM23>=60,"B","C")) -> C | AO23: WhatsApp link on site points to a +30 (Greece) number - treated as template error, not stored. | AP23: https://rightcompound.com/compounds/khobar/sea-shore-compound ; https://www.expat.com/en/forum/middle-east/saudi-arabia/khobar/778968-list-of-some-compounds-in-al-khobar-ksa.html ; https://www.propertyfinder.sa/blog/%D9%83%D9%85%D8%A8%D9%88%D9%86%D8%AF%D8%A7%D8%AA-%D8%A7%D9%84%D8%AE%D8%A8%D8%B1-%D9%85%D8%AC%D9%85%D8%B9%D8%A7%D8%AA-%D8%B3%D9%83%D9%86%D9%8A%D8%A9-%D8%B9%D8%A7%D9%84%D9%85%D9%8A%D8%A9-%D8%B9%D9%84/ | AQ23: 2026-10-11
A24: KHB-023 | B24: Saraya Al Olaya Towers | D24: Al Khobar | F24: Olaya district facing Dhahran Mall | G24: Open map | H24: 26.300642 | I24: 50.171363 | J24: Apartment Compound | K24: Residential compound | L24: Operating (listed) | P24: Gym Swimming Pool Kindergarten Reserved Parking Baby Nursery Beauty Salon Satellite Cable Recreational Room Garbage Chute Children Playground Pest Control Security 24/7 Laundry Service Maintenance Outdoor Children Playground Lounge Multipurpose Hall | Q24: https://www.darwaemaar.com/ | R24: 920004077 | T24: 920004077 | AA24: Dar Wa Emaar Real Estate | AB24: Dar Wa Emaar Real Estate | AC24: Developer Managed | AD24: https://rightcompound.com/compounds/khobar/saraya-al-olaya-residential-tower | AE24: Verified | AF24: Marketing & leasing, Social media management | AG24: 0 | AH24: 8 | AI24: 12 | AJ24: 10 | AK24: 10 | AL24: 5 | AM24: =SUM(AG24:AL24) -> 45 | AN24: =IF(AM24>=80,"A",IF(AM24>=60,"B","C")) -> C | AP24: https://rightcompound.com/compounds/khobar/saraya-al-olaya-residential-tower ; https://www.darwaemaar.com/ | AQ24: 2026-10-11
A25: KHB-024 | B25: Saraya Al Rawabi Complex | D25: Al Khobar | F25: Rawabi district adjacent to Hyper Panda and Extra Stores Khobar | G25: Open map | H25: 26.327012 | I25: 50.212315 | J25: Apartment Compound | K25: Residential compound | L25: Operating (listed) | N25: 66 | P25: Swimming Pool Reserved Parking Garbage Chute Pest Control Security 24/7 Maintenance Outdoor Children Playground Shaded Parking Area | Q25: https://www.darwaemaar.com/ | R25: 920004077 | T25: 920004077 | AA25: Dar Wa Emaar Real Estate | AB25: Dar Wa Emaar Real Estate | AC25: Developer Managed | AD25: https://rightcompound.com/compounds/khobar/saraya-al-rawabi-complex | AE25: Verified | AF25: Marketing & leasing, Social media management | AG25: 10 | AH25: 8 | AI25: 12 | AJ25: 10 | AK25: 10 | AL25: 5 | AM25: =SUM(AG25:AL25) -> 55 | AN25: =IF(AM25>=80,"A",IF(AM25>=60,"B","C")) -> C | AP25: https://rightcompound.com/compounds/khobar/saraya-al-rawabi-complex ; https://www.darwaemaar.com/ | AQ25: 2026-10-11
A26: KHB-025 | B26: Refad Compound | D26: Al Khobar | F26: Prince Faisal Bin Fahad Road | G26: Open map | H26: 26.304615 | I26: 50.191496 | J26: Mixed Residential Compound | K26: Residential compound | L26: Operating (listed) | N26: 100 | O26: Villas, apartments, duplexes | P26: Gym Reserved Parking Basketball Court Wireless Internet Satellite Cable Recreational Room Bus Transportation Children Playground Pest Control Security 24/7 Laundry Service Maintenance Outdoor Children Playground Mini Market Multipurpose Hall Green Ar | Q26: https://refadcompound.com/ | R26: +966920031839 | AC26: Unknown | AE26: Unverified | AF26: Property management, Marketing & leasing, Social media management | AG26: 15 | AH26: 8 | AI26: 12 | AJ26: 5 | AK26: 0 | AL26: 5 | AM26: =SUM(AG26:AL26) -> 45 | AN26: =IF(AM26>=80,"A",IF(AM26>=60,"B","C")) -> C | AO26: Official site renders no contact data. | AP26: https://rightcompound.com/compounds/khobar/refad-compound ; https://whichschooladvisor.com/saudi/area-guide/eastern-province/al-khobar ; https://compoundin.com/compounds/khobar/refad-compound | AQ26: 2026-10-11
A27: KHB-026 | B27: Palm Springs Compound | D27: Al Khobar | E27: Al Qishla (behind Abdulla Fouad Tower) | F27: Al Qishla area , behind Abdulla Fouad Tower | G27: Open map | H27: 26.371657 | I27: 50.170419 | J27: Mixed Residential Compound | K27: Residential compound | L27: Operating (listed) | N27: 129 | O27: 2-bed apartments, 3-bed villas | P27: Gym Swimming Pool Kindergarten Reserved Parking Baby Nursery Library Beauty Salon Restaurant Snack Bar Billiard Tables Basketball Court Volleyball Court Wireless Internet Tennis Court Satellite Cable Pre-school Centre Recreational Room Bowling Table | S27: +966505872304 | Z27: Abdulla Fouad Holding Company | AC27: Owner Managed | AD27: https://rightcompound.com/compounds/khobar/palm-springs-compound | AE27: Unverified | AF27: Property management, Marketing & leasing, Social media management, Content & photography, Integrated services | AG27: 15 | AH27: 8 | AI27: 20 | AJ27: 5 | AK27: 10 | AL27: 5 | AM27: =SUM(AG27:AL27) -> 63 | AN27: =IF(AM27>=80,"A",IF(AM27>=60,"B","C")) -> B | AP27: https://rightcompound.com/compounds/khobar/palm-springs-compound ; https://www.expat.com/en/forum/middle-east/saudi-arabia/khobar/778968-list-of-some-compounds-in-al-khobar-ksa.html | AQ27: 2026-10-11
A28: KHB-027 | B28: Dana Beach Resort | D28: Al Khobar | E28: Half Moon Bay (Dana Bay) | F28: Dana Bay | G28: Open map | H28: 26.080461 | I28: 49.998589 | J28: Luxury Residential Compound | K28: Residential compound | L28: Operating (listed) | P28: Gym Swimming Pool Reserved Parking Beauty Salon Restaurant Snack Bar Wireless Internet Satellite Cable Recreational Room Business Centre Children Playground Pest Control Security 24/7 Laundry Service Maintenance Barbecue Area Outdoor Children Playgro | S28: +966500501768 | AC28: Unknown | AE28: Unverified | AF28: Property management, Marketing & leasing, Social media management, Content & photography, Integrated services | AG28: 0 | AH28: 8 | AI28: 20 | AJ28: 5 | AK28: 0 | AL28: 5 | AM28: =SUM(AG28:AL28) -> 38 | AN28: =IF(AM28>=80,"A",IF(AM28>=60,"B","C")) -> C | AP28: https://rightcompound.com/compounds/khobar/dana-beach-resort | AQ28: 2026-10-11
A29: KHB-028 | B29: Green Park Lifestyle Residence | D29: Al Khobar | E29: Al Jawhara | F29: Al Jawhara , Al Khobar | G29: Open map | H29: 26.325954 | I29: 50.197316 | J29: Mixed Residential Compound | K29: Residential compound | L29: Operating (listed) | P29: Gym Swimming Pool Reserved Parking Recreational Room Garbage Chute Children Playground Pest Control Security 24/7 Maintenance Outdoor Children Playground Multipurpose Hall Green Area and Shaded Area CCTV Football Court Outdoor Swimming Pool Outdoor G | S29: +966543787979 | AC29: Unknown | AE29: Unverified | AF29: Property management, Marketing & leasing, Social media management, Content & photography, Integrated services | AG29: 0 | AH29: 8 | AI29: 20 | AJ29: 5 | AK29: 0 | AL29: 5 | AM29: =SUM(AG29:AL29) -> 38 | AN29: =IF(AM29>=80,"A",IF(AM29>=60,"B","C")) -> C | AP29: https://rightcompound.com/compounds/khobar/green-park-lifestyle-residence-compound | AQ29: 2026-10-11
A30: KHB-029 | B30: Marissa Elite Complex | D30: Dhahran (Greater Khobar) | E30: Al Qusor | F30: Al-Qusor neighborhood in Dhahran city. | G30: Open map | H30: 26.342522 | I30: 50.151466 | J30: Mixed Residential Compound | K30: Residential compound | L30: Operating (listed) | P30: Gym Reserved Parking Baby Nursery Garbage Chute Children Playground Maintenance Rooftop Garden Barbecue Area Lounge Multipurpose Hall Green Area and Shaded Area CCTV Basement Private Parking Rooftop Barbecue Area | S30: +966553592411 | AC30: Unknown | AE30: Unverified | AF30: Property management, Marketing & leasing, Social media management, Content & photography, Integrated services | AG30: 0 | AH30: 8 | AI30: 20 | AJ30: 5 | AK30: 0 | AL30: 5 | AM30: =SUM(AG30:AL30) -> 38 | AN30: =IF(AM30>=80,"A",IF(AM30>=60,"B","C")) -> C | AP30: https://rightcompound.com/compounds/khobar/marissa-elite-compound-dhahran | AQ30: 2026-10-11
A31: KHB-030 | B31: Le Ruya Residential Resort | D31: Al Khobar | E31: Ishbiliya (Al Bayan St) | F31: Ishbilia District, Al Bayan Street | G31: Open map | H31: 26.19505 | I31: 50.215652 | J31: Family Compound | K31: Residential compound | L31: Operating (listed) | P31: Gym Beauty Salon Billiard Tables Basketball Court Wireless Internet Tennis Court Bowling Bus Transportation Children Playground Pest Control Security 24/7 Maintenance Barbecue Area Outdoor Children Playground Mini Market Gaming Room Cafeteria Green A | S31: 0559318510 | AC31: Unknown | AE31: Unverified | AF31: Property management, Marketing & leasing, Social media management, Content & photography, Integrated services | AG31: 0 | AH31: 8 | AI31: 20 | AJ31: 5 | AK31: 0 | AL31: 5 | AM31: =SUM(AG31:AL31) -> 38 | AN31: =IF(AM31>=80,"A",IF(AM31>=60,"B","C")) -> C | AP31: https://rightcompound.com/compounds/khobar/le-ruya | AQ31: 2026-10-11
A32: KHB-031 | B32: South Park Compound | D32: Dhahran (Greater Khobar) | E32: Al Douha | F32: Al Douha Neighborhood | G32: Open map | H32: 26.320469 | I32: 50.155167 | J32: Mixed Residential Compound | K32: Residential compound | L32: Operating (listed) | P32: Gym Children Playground Pest Control Maintenance Housekeeping Services CCTV Fiber Optic High Speed Internet Terrace | S32: 0538090077 | AC32: Unknown | AE32: Unverified | AF32: Property management, Marketing & leasing, Social media management, Content & photography, Integrated services | AG32: 0 | AH32: 8 | AI32: 20 | AJ32: 5 | AK32: 0 | AL32: 5 | AM32: =SUM(AG32:AL32) -> 38 | AN32: =IF(AM32>=80,"A",IF(AM32>=60,"B","C")) -> C | AP32: https://rightcompound.com/compounds/khobar/south-park-compound | AQ32: 2026-10-11
A33: KHB-032 | B33: Loay Compound | D33: Al Khobar | F33: Al Khobar | G33: Open map | H33: 26.295877 | I33: 50.110016 | J33: Mixed Residential Compound | K33: Residential compound | L33: Operating (listed) | P33: Gym Swimming Pool Basketball Court Table Tennis Bus Transportation | S33: 0554216987 | AC33: Unknown | AE33: Unverified | AF33: Property management, Marketing & leasing, Social media management, Content & photography, Integrated services | AG33: 0 | AH33: 8 | AI33: 20 | AJ33: 5 | AK33: 0 | AL33: 5 | AM33: =SUM(AG33:AL33) -> 38 | AN33: =IF(AM33>=80,"A",IF(AM33>=60,"B","C")) -> C | AO33: RightCompound description is placeholder text; existence needs field check. | AP33: https://rightcompound.com/compounds/khobar/loay-compound | AQ33: 2026-10-11
A34: KHB-033 | B34: Al Riyadh Compound | D34: Al Khobar | F34: KSA | G34: Open map | H34: 26.29103 | I34: 50.211983 | J34: Villa Compound | K34: Residential compound | L34: Operating (listed) | N34: 100 | O34: 3-bed villas | P34: Gym Swimming Pool Reserved Parking Beauty Salon Restaurant Snack Bar Billiard Tables Squash Court Basketball Court Volleyball Court Wireless Internet Tennis Court Satellite Cable Recreational Room Business Centre Bowling Table Tennis Bus Transportati | Z34: Arabian Property Services (APS) | AC34: Owner Managed | AD34: https://rightcompound.com/compounds/khobar/al-riyadh-compound | AE34: Not Available | AF34: Property management, Marketing & leasing, Social media management, Content & photography, Integrated services | AG34: 15 | AH34: 8 | AI34: 20 | AJ34: 0 | AK34: 10 | AL34: 5 | AM34: =SUM(AG34:AL34) -> 58 | AN34: =IF(AM34>=80,"A",IF(AM34>=60,"B","C")) -> C | AP34: https://rightcompound.com/compounds/khobar/al-riyadh-compound ; https://www.expat.com/en/forum/middle-east/saudi-arabia/khobar/778968-list-of-some-compounds-in-al-khobar-ksa.html | AQ34: 2026-10-11
A35: KHB-034 | B35: Al Safa Homes (Al Saeed Village 5) | D35: Al Khobar | E35: Al Rakah | F35: KSA | J35: Villa Compound | K35: Residential compound | L35: Operating (listed) | N35: 32 | P35: Gym Swimming Pool Reserved Parking Baby Nursery Beauty Salon Restaurant Billiard Tables Basketball Court Volleyball Court Wireless Internet Tennis Court Satellite Cable Recreational Room Bus Transportation | AB35: Mazen Al Saeed Group | AC35: Owner Managed | AD35: https://rightcompound.com/compounds/khobar/al-safa-homes-compound | AE35: Not Available | AF35: Property management, Marketing & leasing, Social media management, Content & photography, Integrated services | AG35: 5 | AH35: 8 | AI35: 20 | AJ35: 0 | AK35: 10 | AL35: 5 | AM35: =SUM(AG35:AL35) -> 48 | AN35: =IF(AM35>=80,"A",IF(AM35>=60,"B","C")) -> C | AP35: https://rightcompound.com/compounds/khobar/al-safa-homes-compound | AQ35: 2026-10-11
A36: KHB-035 | B36: Al Sharq Homes (Al Saeed Village 3) | D36: Al Khobar | F36: KSA | G36: Open map | H36: 26.367418 | I36: 50.203571 | J36: Luxury Residential Compound | K36: Residential compound | L36: Operating (listed) | P36: Gym Swimming Pool Reserved Parking Baby Nursery Beauty Salon Restaurant Billiard Tables Basketball Court Volleyball Court Wireless Internet Tennis Court Satellite Cable Recreational Room Table Tennis Bus Transportation | AB36: Mazen Al Saeed Group | AC36: Owner Managed | AD36: https://rightcompound.com/compounds/khobar/al-sharq-homes-compound | AE36: Not Available | AF36: Property management, Marketing & leasing, Social media management, Content & photography, Integrated services | AG36: 0 | AH36: 8 | AI36: 20 | AJ36: 0 | AK36: 10 | AL36: 5 | AM36: =SUM(AG36:AL36) -> 43 | AN36: =IF(AM36>=80,"A",IF(AM36>=60,"B","C")) -> C | AP36: https://rightcompound.com/compounds/khobar/al-sharq-homes-compound | AQ36: 2026-10-11
A37: KHB-036 | B37: Al Yasmeen Homes (Al Saeed Village 4) | D37: Al Khobar | F37: KSA | G37: Open map | H37: 26.367033 | I37: 50.204258 | J37: Apartment Compound | K37: Residential compound | L37: Operating (listed) | N37: 40 | O37: Furnished apartments | P37: Gym Swimming Pool Reserved Parking Baby Nursery Beauty Salon Restaurant Billiard Tables Basketball Court Volleyball Court Wireless Internet Tennis Court Satellite Cable Recreational Room Table Tennis Bus Transportation | AB37: Mazen Al Saeed Group | AC37: Owner Managed | AD37: https://rightcompound.com/compounds/khobar/al-yasmeen-homes-compound | AE37: Not Available | AF37: Property management, Marketing & leasing, Social media management, Content & photography, Integrated services | AG37: 5 | AH37: 8 | AI37: 20 | AJ37: 0 | AK37: 10 | AL37: 5 | AM37: =SUM(AG37:AL37) -> 48 | AN37: =IF(AM37>=80,"A",IF(AM37>=60,"B","C")) -> C | AP37: https://rightcompound.com/compounds/khobar/al-yasmeen-homes-compound | AQ37: 2026-10-11
A38: KHB-037 | B38: Saeed Residential Compound 1 | D38: Al Khobar | F38: KSA | G38: Open map | H38: 26.367879 | I38: 50.20752 | J38: Villa Compound | K38: Residential compound | L38: Operating (listed) | N38: 30 | P38: Gym Swimming Pool Reserved Parking Baby Nursery Billiard Tables Basketball Court Volleyball Court Tennis Court Recreational Room | AC38: Unknown | AE38: Not Available | AF38: Property management, Marketing & leasing, Social media management, Content & photography, Integrated services | AG38: 5 | AH38: 8 | AI38: 20 | AJ38: 0 | AK38: 0 | AL38: 5 | AM38: =SUM(AG38:AL38) -> 38 | AN38: =IF(AM38>=80,"A",IF(AM38>=60,"B","C")) -> C | AO38: Possibly part of Mazen Al Saeed Group villages; not confirmed. | AP38: https://rightcompound.com/compounds/khobar/saeed-residential-compound-1 | AQ38: 2026-10-11
A39: KHB-038 | B39: Al Shablan Compounds | D39: Al Khobar | F39: KSA | G39: Open map | H39: 26.336807 | I39: 50.215416 | J39: Mixed Residential Compound | K39: Residential compound | L39: Operating (listed) | P39: Gym Swimming Pool Reserved Parking Bus Transportation | Z39: Al Shablan Group | AC39: Owner Managed | AD39: https://rightcompound.com/compounds/khobar/al-shablan-compounds | AE39: Not Available | AF39: Property management, Marketing & leasing, Social media management, Content & photography, Integrated services | AG39: 0 | AH39: 8 | AI39: 20 | AJ39: 0 | AK39: 10 | AL39: 5 | AM39: =SUM(AG39:AL39) -> 43 | AN39: =IF(AM39>=80,"A",IF(AM39>=60,"B","C")) -> C | AO39: Group manages five compounds (four in Eastern Province); individual compounds not itemised. | AP39: https://rightcompound.com/compounds/khobar/al-shablan-compounds | AQ39: 2026-10-11
A40: KHB-039 | B40: Opal Compound | D40: Al Khobar | F40: Al Khobar | G40: Open map | H40: 26.362605 | I40: 50.204311 | J40: Mixed Residential Compound | K40: Residential compound | L40: Operating (listed) | O40: 3-bed villas 110 sqm, studios 65 sqm | P40: Reserved Parking Recreational Room Children Playground Outdoor Children Playground Multipurpose Hall Green Area and Shaded Area | AB40: AZ Real Estate Management | AC40: Third-Party Property Management | AD40: https://rightcompound.com/compounds/khobar/opal-compound | AE40: Not Available | AF40: Marketing & leasing, Social media management, Content & photography | AG40: 0 | AH40: 8 | AI40: 20 | AJ40: 0 | AK40: 10 | AL40: 5 | AM40: =SUM(AG40:AL40) -> 43 | AN40: =IF(AM40>=80,"A",IF(AM40>=60,"B","C")) -> C | AP40: https://rightcompound.com/compounds/khobar/opal-compound | AQ40: 2026-10-11
A41: KHB-040 | B41: Cedar Village Compound | D41: Al Khobar | E41: Golden Belt | F41: Al Khobar , Golden Belt | G41: Open map | H41: 26.323675 | I41: 50.194645 | J41: Family Compound | K41: Residential compound | L41: Operating (listed) | P41: Gym Swimming Pool Squash Court Basketball Court Recreational Room Garbage Chute Pest Control Security 24/7 Maintenance Mini Market Gaming Room Shaded Parking Area Water Treatment Plant CCTV | AB41: AZ Real Estate Management | AC41: Third-Party Property Management | AD41: https://rightcompound.com/compounds/khobar/sedar-village-compound | AE41: Not Available | AF41: Marketing & leasing, Social media management, Content & photography | AG41: 0 | AH41: 8 | AI41: 20 | AJ41: 0 | AK41: 10 | AL41: 5 | AM41: =SUM(AG41:AL41) -> 43 | AN41: =IF(AM41>=80,"A",IF(AM41>=60,"B","C")) -> C | AP41: https://rightcompound.com/compounds/khobar/sedar-village-compound | AQ41: 2026-10-11
A42: KHB-041 | B42: Karawan Village | D42: Al Khobar | F42: 1st Street | G42: Open map | H42: 26.317863 | I42: 50.212541 | J42: Villa Compound | K42: Residential compound | L42: Operating (listed) | N42: 69 | P42: Gym Swimming Pool Reserved Parking Baby Nursery Library Billiard Tables Squash Court Basketball Court Volleyball Court Tennis Court Satellite Cable Recreational Room Table Tennis Bus Transportation Children Playground Pest Control Security 24/7 Maint | AB42: Arsal Facility Management | AC42: Third-Party Property Management | AD42: https://rightcompound.com/compounds/khobar/karawan-compound | AE42: Not Available | AF42: Marketing & leasing, Social media management, Content & photography | AG42: 10 | AH42: 8 | AI42: 20 | AJ42: 0 | AK42: 10 | AL42: 5 | AM42: =SUM(AG42:AL42) -> 53 | AN42: =IF(AM42>=80,"A",IF(AM42>=60,"B","C")) -> C | AP42: https://rightcompound.com/compounds/khobar/karawan-compound ; https://www.expat.com/en/forum/middle-east/saudi-arabia/khobar/778968-list-of-some-compounds-in-al-khobar-ksa.html | AQ42: 2026-10-11
A43: KHB-042 | B43: Gulf Pearl Compound 2 | D43: Al Khobar | E43: Al Aziziyah | F43: Aziziyah, Khobar | G43: Open map | H43: 26.192797 | I43: 50.187435 | J43: Mixed Residential Compound | K43: Residential compound | L43: Operating (listed) | P43: Gym Swimming Pool Reserved Parking Baby Nursery Beauty Salon Restaurant Billiard Tables Squash Court Basketball Court Volleyball Court Wireless Internet Tennis Court Satellite Cable Recreational Room Table Tennis Bus Transportation | Z43: Al Kifah Real Estate | AB43: Al Kifah Real Estate | AC43: Owner Managed | AD43: https://rightcompound.com/compounds/khobar/gulf-pearl-compound-2 | AE43: Not Available | AF43: Property management, Marketing & leasing, Social media management, Content & photography, Integrated services | AG43: 0 | AH43: 8 | AI43: 20 | AJ43: 0 | AK43: 10 | AL43: 5 | AM43: =SUM(AG43:AL43) -> 43 | AN43: =IF(AM43>=80,"A",IF(AM43>=60,"B","C")) -> C | AP43: https://rightcompound.com/compounds/khobar/gulf-pearl-compound-2 ; https://www.expat.com/en/forum/middle-east/saudi-arabia/khobar/778968-list-of-some-compounds-in-al-khobar-ksa.html | AQ43: 2026-10-11
A44: KHB-043 | B44: Gulf Pearl Compound 1 | D44: Al Khobar | E44: Khobar | J44: Mixed Residential Compound | K44: Residential compound | L44: Unknown | Z44: Al Kifah Real Estate | AC44: Owner Managed | AD44: https://rightcompound.com/compounds/khobar/gulf-pearl-compound-2 | AE44: Not Available | AF44: Property management, Marketing & leasing, Social media management, Content & photography, Integrated services | AG44: 0 | AH44: 8 | AI44: 14 | AJ44: 0 | AK44: 10 | AL44: 0 | AM44: =SUM(AG44:AL44) -> 32 | AN44: =IF(AM44>=80,"A",IF(AM44>=60,"B","C")) -> C | AP44: https://www.expat.com/en/forum/middle-east/saudi-arabia/khobar/778968-list-of-some-compounds-in-al-khobar-ksa.html | AQ44: 2026-10-11
A45: KHB-044 | B45: Jouri Compound | D45: Al Khobar | E45: Al Mutlaqiyah | F45: KSA | G45: Open map | H45: 26.366341 | I45: 50.19207 | J45: Mixed Residential Compound | K45: Residential compound | L45: Operating (listed) | P45: Gym Swimming Pool Reserved Parking Basketball Court Volleyball Court Wireless Internet Tennis Court Satellite Cable Recreational Room Table Tennis Bus Transportation | Z45: Tharaa Real Estate Investments Co. | AC45: Owner Managed | AD45: https://rightcompound.com/compounds/khobar/jouri-homes | AE45: Not Available | AF45: Property management, Marketing & leasing, Social media management, Content & photography, Integrated services | AG45: 0 | AH45: 8 | AI45: 20 | AJ45: 0 | AK45: 10 | AL45: 5 | AM45: =SUM(AG45:AL45) -> 43 | AN45: =IF(AM45>=80,"A",IF(AM45>=60,"B","C")) -> C | AP45: https://rightcompound.com/compounds/khobar/jouri-homes | AQ45: 2026-10-11
A46: KHB-045 | B46: Al Rashid Residence Towers | D46: Al Khobar | E46: West Khobar (Khadem Al Haramain Rd) | F46: West of Al Khobar city on Khadem Al Haramein Road | G46: Open map | H46: 26.29159 | I46: 50.177731 | J46: Apartment Compound | K46: Residential compound | L46: Operating (listed) | P46: Gym Swimming Pool Kindergarten Reserved Parking Library Billiard Tables Basketball Court Volleyball Court Wireless Internet Tennis Court Satellite Cable Pre-school Centre Commercial Centre Recreational Room Table Tennis Bus Transportation Cinema Garb | AA46: Al Rashid Trading & Contracting Co. | AC46: Developer Managed | AD46: https://rightcompound.com/compounds/khobar/al-rashid-residence-towers | AE46: Not Available | AF46: Marketing & leasing, Social media management, Content & photography | AG46: 0 | AH46: 8 | AI46: 20 | AJ46: 0 | AK46: 10 | AL46: 5 | AM46: =SUM(AG46:AL46) -> 43 | AN46: =IF(AM46>=80,"A",IF(AM46>=60,"B","C")) -> C | AP46: https://rightcompound.com/compounds/khobar/al-rashid-residence-towers ; https://compoundin.com/compounds/khobar/al-rashid-residence-towers | AQ46: 2026-10-11
A47: KHB-046 | B47: Al Rashid Residence (Al Rashid Mall) | D47: Al Khobar | E47: Al Olaya | F47: AlRashid Mall, Al Ulaya, Al Khobar, Saudi Arabia | G47: Open map | H47: 26.293267 | I47: 50.180936 | J47: Apartment Compound | K47: Residential compound | L47: Operating (listed) | O47: Furnished apartments | P47: Gym Swimming Pool Kindergarten Reserved Parking Restaurant Ballroom Wireless Internet Satellite Cable Commercial Centre Business Centre | AC47: Unknown | AE47: Not Available | AF47: Property management, Marketing & leasing, Social media management, Content & photography, Integrated services | AG47: 0 | AH47: 8 | AI47: 20 | AJ47: 0 | AK47: 0 | AL47: 5 | AM47: =SUM(AG47:AL47) -> 33 | AN47: =IF(AM47>=80,"A",IF(AM47>=60,"B","C")) -> C | AP47: https://rightcompound.com/compounds/khobar/alrashid-residence ; https://www.expat.com/en/forum/middle-east/saudi-arabia/khobar/778968-list-of-some-compounds-in-al-khobar-ksa.html | AQ47: 2026-10-11
A48: KHB-047 | B48: Oasis Gardens Compound | D48: Al Khobar | E48: Al Jawhara (Salahuddin St) | F48: Al Jawhara district on Salahuddin street | G48: Open map | H48: 26.328695 | I48: 50.197606 | J48: Luxury Residential Compound | K48: Residential compound | L48: Operating (listed) | P48: Gym Swimming Pool Kindergarten Reserved Parking Baby Nursery Library Restaurant Snack Bar Billiard Tables Squash Court Basketball Court Volleyball Court Wireless Internet Tennis Court Satellite Cable Recreational Room Business Centre Bowling Table Te | Q48: https://oasiscompounds.com/oasisgardens/ | R48: 0138825288 | U48: leasing@theoasis.sa | AC48: Unknown | AE48: Unverified | AF48: Property management, Marketing & leasing, Social media management | AG48: 0 | AH48: 8 | AI48: 12 | AJ48: 5 | AK48: 0 | AL48: 5 | AM48: =SUM(AG48:AL48) -> 30 | AN48: =IF(AM48>=80,"A",IF(AM48>=60,"B","C")) -> C | AO48: Forum posts (2016) link Oasis Gardens / Al Bustan to Saad Group; current owner not confirmed. Official site did not load from the research environment; contacts taken from search-engine copy of the official contact page. | AP48: https://rightcompound.com/compounds/khobar/oasis-gardens-compound-al-khobar ; https://whichschooladvisor.com/saudi/area-guide/eastern-province/al-khobar ; https://www.expat.com/en/forum/middle-east/saudi-arabia/khobar/778968-list-of-some-compounds-in-al-khobar-ksa.html ; https://oasiscompounds.com/oasisgardens/contact/ | AQ48: 2026-10-11
A49: KHB-048 | B49: Oasis Residential Resorts | D49: Al Khobar | E49: Salahuddin St | F49: 3713 Salahuddin St. | G49: Open map | H49: 26.321611 | I49: 50.19285 | J49: Luxury Residential Compound | K49: Residential compound | L49: Operating (listed) | P49: Gym Swimming Pool Reserved Parking Baby Nursery Library Ballroom Billiard Tables Squash Court Golf Course Basketball Court Volleyball Court Wireless Internet Tennis Court Satellite Cable Recreational Room Bowling Table Tennis Bus Transportation Cinem | Q49: https://gardens.oasiscompounds.com/oasisresorts/ | R49: 0138015027 | U49: reception@oasisresorts.org | AC49: Unknown | AE49: Unverified | AF49: Property management, Marketing & leasing, Social media management | AG49: 0 | AH49: 8 | AI49: 12 | AJ49: 5 | AK49: 0 | AL49: 5 | AM49: =SUM(AG49:AL49) -> 30 | AN49: =IF(AM49>=80,"A",IF(AM49>=60,"B","C")) -> C | AO49: oasisresorts.net now redirects to an unrelated site. Official contact page did not load; values from search-engine copy. | AP49: https://rightcompound.com/compounds/khobar/oasis-resorts ; https://www.expat.com/en/forum/middle-east/saudi-arabia/khobar/778968-list-of-some-compounds-in-al-khobar-ksa.html ; https://gardens.oasiscompounds.com/oasisresorts/contact/ | AQ49: 2026-10-11
A50: KHB-049 | B50: Al Bustan Village | D50: Al Khobar | J50: Family Compound | K50: Residential compound | L50: Unknown | AC50: Unknown | AE50: Not Available | AF50: Property management, Marketing & leasing, Social media management, Content & photography, Integrated services | AG50: 0 | AH50: 8 | AI50: 14 | AJ50: 0 | AK50: 0 | AL50: 0 | AM50: =SUM(AG50:AL50) -> 22 | AN50: =IF(AM50>=80,"A",IF(AM50>=60,"B","C")) -> C | AO50: Forum mentions only (2016-2017); albustanvillage.com cited but unconfirmed. | AP50: https://www.expat.com/en/forum/middle-east/saudi-arabia/khobar/870355-al-bustan-compound-or-oasis-garden-in-al-khobar-eastern-province.html | AQ50: 2026-10-11
A51: KHB-050 | B51: Al Danah & Al Nadah Compounds | D51: Al Khobar | F51: Near EXTRA, King Faisal Road, | G51: Open map | H51: 26.337163 | I51: 50.210116 | J51: Villa Compound | K51: Residential compound | L51: Operating (listed) | N51: 232 | O51: Al Nadah 128 villas; Al Danah 104 duplexes | P51: Gym Swimming Pool Kindergarten Library Beauty Salon Restaurant Billiard Tables Squash Court Basketball Court Tennis Court Satellite Cable Recreational Room Table Tennis Bus Transportation | AC51: Unknown | AE51: Not Available | AF51: Property management, Marketing & leasing, Social media management, Content & photography, Integrated services | AG51: 20 | AH51: 8 | AI51: 20 | AJ51: 0 | AK51: 0 | AL51: 5 | AM51: =SUM(AG51:AL51) -> 53 | AN51: =IF(AM51>=80,"A",IF(AM51>=60,"B","C")) -> C | AO51: Address given as 'near EXTRA, King Faisal Rd' with Dammam postcode, coordinates inside Khobar. | AP51: https://rightcompound.com/compounds/khobar/dana--nada-compounds ; https://whichschooladvisor.com/saudi/area-guide/eastern-province/al-khobar ; https://compoundin.com/compounds/khobar/al-danah-al-nadah-compounds | AQ51: 2026-10-11
A52: KHB-051 | B52: Desert Rose Compound | D52: Al Khobar | E52: Al Rakah Al Janubiyah | F52: Al Rakah Al Janubiyah | G52: Open map | H52: 26.350546 | I52: 50.198309 | J52: Apartment Compound | K52: Residential compound | L52: Operating (listed) | N52: 175 | O52: 1-3 bed apartments | P52: Gym Swimming Pool Reserved Parking Baby Nursery Restaurant Squash Court Basketball Court Tennis Court Recreational Room Bus Transportation Garbage Chute Children Playground Pest Control Security 24/7 Maintenance Outdoor Children Playground Mini Marke | AC52: Unknown | AE52: Not Available | AF52: Property management, Marketing & leasing, Social media management, Content & photography, Integrated services | AG52: 15 | AH52: 8 | AI52: 20 | AJ52: 0 | AK52: 0 | AL52: 5 | AM52: =SUM(AG52:AL52) -> 48 | AN52: =IF(AM52>=80,"A",IF(AM52>=60,"B","C")) -> C | AO52: 145 units (WhichSchoolAdvisor) vs 175 (RightCompound). | AP52: https://rightcompound.com/compounds/khobar/desert-rose-compound-al-khobar ; https://whichschooladvisor.com/saudi/area-guide/eastern-province/al-khobar | AQ52: 2026-10-11
A53: KHB-052 | B53: Emad Compound | D53: Al Khobar | E53: Al Rakah | F53: Al Khobar , Al Rakah district | G53: Open map | H53: 26.33095 | I53: 50.189264 | J53: Apartment Compound | K53: Residential compound | L53: Operating (listed) | P53: Swimming Pool Reserved Parking Squash Court Satellite Cable Recreational Room Garbage Chute Security 24/7 Maintenance Multipurpose Hall Shaded Parking Area Green Area and Shaded Area Sauna Room Jacuzzi Room CCTV Multipurpose Court | AC53: Unknown | AE53: Not Available | AF53: Property management, Marketing & leasing, Social media management, Content & photography, Integrated services | AG53: 0 | AH53: 8 | AI53: 20 | AJ53: 0 | AK53: 0 | AL53: 5 | AM53: =SUM(AG53:AL53) -> 33 | AN53: =IF(AM53>=80,"A",IF(AM53>=60,"B","C")) -> C | AP53: https://rightcompound.com/compounds/khobar/desert-rose-apartments-compound | AQ53: 2026-10-11
A54: KHB-053 | B54: The Pearl Residential Compound | D54: Al Khobar | E54: Qurtubah (Prince Sultan Bin Fahd Rd) | F54: Prince Sultan Bin Fahed Road | G54: Open map | H54: 26.346364 | I54: 50.189517 | J54: Mixed Residential Compound | K54: Residential compound | L54: Operating (listed) | N54: 233 | P54: Gym Swimming Pool Kindergarten Reserved Parking Baby Nursery Beauty Salon Restaurant Billiard Tables Basketball Court Volleyball Court Wireless Internet Tennis Court Recreational Room Table Tennis Bus Transportation Garbage Chute Children Playground | AC54: Unknown | AE54: Not Available | AF54: Property management, Marketing & leasing, Social media management, Content & photography, Integrated services | AG54: 20 | AH54: 8 | AI54: 20 | AJ54: 0 | AK54: 0 | AL54: 5 | AM54: =SUM(AG54:AL54) -> 53 | AN54: =IF(AM54>=80,"A",IF(AM54>=60,"B","C")) -> C | AP54: https://rightcompound.com/compounds/khobar/the-pearl-residential-compound ; https://whichschooladvisor.com/saudi/area-guide/eastern-province/al-khobar ; https://www.expat.com/en/forum/middle-east/saudi-arabia/khobar/778968-list-of-some-compounds-in-al-khobar-ksa.html | AQ54: 2026-10-11
A55: KHB-054 | B55: Ronda Residence Compound | D55: Al Khobar | E55: Al Sadafah | F55: Hammad Ibn Hibatullah Street | G55: Open map | H55: 26.372011 | I55: 50.215565 | J55: Mixed Residential Compound | K55: Residential compound | L55: Operating (listed) | N55: 220 | O55: 1-3 bed apartments, 3-bed villas | P55: Gym Swimming Pool Kindergarten Reserved Parking Baby Nursery Beauty Salon Restaurant Snack Bar Billiard Tables Squash Court Basketball Court Wireless Internet Tennis Court Satellite Cable Pre-school Centre Recreational Room Business Centre Table Tenn | Q55: http://www.rondaco.com/ | S55: +966559008802 | U55: coordinator@rondaco.com | X55: https://www.linkedin.com/company/ronda-residence | AC55: Unknown | AE55: Verified | AF55: Property management, Marketing & leasing, Paid ad campaigns | AG55: 20 | AH55: 8 | AI55: 6 | AJ55: 15 | AK55: 0 | AL55: 5 | AM55: =SUM(AG55:AL55) -> 54 | AN55: =IF(AM55>=80,"A",IF(AM55>=60,"B","C")) -> C | AP55: https://rightcompound.com/compounds/khobar/ronda-residence-compound ; https://whichschooladvisor.com/saudi/area-guide/eastern-province/al-khobar ; https://compoundin.com/compounds/khobar/ronda-residence ; http://www.rondaco.com/ | AQ55: 2026-10-11
A56: KHB-055 | B56: Rima Residences | D56: Al Khobar | E56: Al Bandariyah (King Fahd Rd) | F56: Bustan District, King Fahid Road | G56: Open map | H56: 26.315007 | I56: 50.213817 | J56: Apartment Compound | K56: Residential compound | L56: Operating (listed) | N56: 216 | O56: Serviced apartments (10 buildings) | P56: Gym Swimming Pool Kindergarten Reserved Parking Baby Nursery Restaurant Snack Bar Billiard Tables Wireless Internet Satellite Cable Pre-school Centre Table Tennis Bus Transportation Children Playground Pest Control Security 24/7 Laundry Service Maint | Q56: https://www.rimaresidence.com/ | R56: +966138144907 | U56: info@rimaresidence.com | W56: https://www.facebook.com/RimaResidence/ | Y56: https://x.com/rimaresidence | AC56: Unknown | AE56: Unverified | AF56: Property management, Marketing & leasing, Paid ad campaigns | AG56: 20 | AH56: 8 | AI56: 6 | AJ56: 5 | AK56: 0 | AL56: 5 | AM56: =SUM(AG56:AL56) -> 44 | AN56: =IF(AM56>=80,"A",IF(AM56>=60,"B","C")) -> C | AO56: Official site did not load from the research environment. Units 216 vs 217 across sources. | AP56: https://rightcompound.com/compounds/khobar/rima-residence ; https://www.expat.com/en/forum/middle-east/saudi-arabia/khobar/778968-list-of-some-compounds-in-al-khobar-ksa.html ; https://www.saudiayp.com/company/247717/Rima_Residence ; https://www.rimaresidence.com/ ; https://www.facebook.com/RimaResidence/ | AQ56: 2026-10-11
A57: KHB-056 | B57: Al Rawabi Pearl Complex | D57: Al Khobar | E57: Ar Rawabi | F57: https://goo.gl/maps/EscCoHT2FK22 | G57: Open map | H57: 26.331454 | I57: 50.20555 | J57: Apartment Compound | K57: Residential compound | L57: Operating (listed) | O57: 1-3 bed apartments | P57: Gym Swimming Pool Reserved Parking Library Billiard Tables Basketball Court Volleyball Court Wireless Internet Satellite Cable Table Tennis Bus Transportation Garbage Chute Children Playground Pest Control Security 24/7 Laundry Service Maintenance Ro | AC57: Unknown | AE57: Not Available | AF57: Property management, Marketing & leasing, Social media management, Content & photography, Integrated services | AG57: 0 | AH57: 8 | AI57: 20 | AJ57: 0 | AK57: 0 | AL57: 5 | AM57: =SUM(AG57:AL57) -> 33 | AN57: =IF(AM57>=80,"A",IF(AM57>=60,"B","C")) -> C | AP57: https://rightcompound.com/compounds/khobar/al-rawabi-pearl-complex ; https://www.expat.com/en/forum/middle-east/saudi-arabia/khobar/778968-list-of-some-compounds-in-al-khobar-ksa.html ; https://compoundin.com/compounds/khobar/rawabi-pearl-compound | AQ57: 2026-10-11
A58: KHB-057 | B58: Gulf Homes Compound | D58: Dhahran (Greater Khobar) | E58: Prince Miteb St | F58: Prince Miteb bin Abdulaziz Street | G58: Open map | H58: 26.374512 | I58: 50.125637 | J58: Apartment Compound | K58: Residential compound | L58: Operating (listed) | N58: 195 | P58: Gym Swimming Pool Reserved Parking Beauty Salon Restaurant Snack Bar Satellite Cable Children Playground Security 24/7 Maintenance Outdoor Children Playground Mini Market Cafeteria Barber Shop | AC58: Unknown | AE58: Not Available | AF58: Property management, Marketing & leasing, Social media management, Content & photography, Integrated services | AG58: 15 | AH58: 8 | AI58: 20 | AJ58: 0 | AK58: 0 | AL58: 5 | AM58: =SUM(AG58:AL58) -> 48 | AN58: =IF(AM58>=80,"A",IF(AM58>=60,"B","C")) -> C | AP58: https://rightcompound.com/compounds/khobar/gulf-homes-compound ; https://www.expat.com/en/forum/middle-east/saudi-arabia/khobar/778968-list-of-some-compounds-in-al-khobar-ksa.html | AQ58: 2026-10-11
A59: KHB-058 | B59: The Vertical Village | D59: Al Khobar | E59: Ar Rawabi | F59: Al Khobar , Alrawabi distric | G59: Open map | H59: 26.335301 | I59: 50.203829 | J59: Apartment Compound | K59: Residential compound | L59: Operating (listed) | O59: Furnished serviced apartments | P59: Gym Swimming Pool Kindergarten Reserved Parking Baby Nursery Library Beauty Salon Restaurant Ballroom Snack Bar Billiard Tables Basketball Court Volleyball Court Wireless Internet Tennis Court Satellite Cable Recreational Room Business Centre Bowling | AC59: Unknown | AE59: Not Available | AF59: Property management, Marketing & leasing, Social media management, Content & photography, Integrated services | AG59: 0 | AH59: 8 | AI59: 20 | AJ59: 0 | AK59: 0 | AL59: 5 | AM59: =SUM(AG59:AL59) -> 33 | AN59: =IF(AM59>=80,"A",IF(AM59>=60,"B","C")) -> C | AP59: https://rightcompound.com/compounds/khobar/the-vertical-village-compound ; https://www.expat.com/en/forum/middle-east/saudi-arabia/khobar/778968-list-of-some-compounds-in-al-khobar-ksa.html | AQ59: 2026-10-11
A60: KHB-059 | B60: Al Ferdouse Village | D60: Al Khobar | E60: Al Aqrabiyah (Prince Hamoud St) | F60: Prince Hamoud Street no. 22 – AQRABIA Area | G60: Open map | H60: 26.299398 | I60: 50.202134 | J60: Villa Compound | K60: Residential compound | L60: Operating (listed) | N60: 65 | O60: 43 x 3-bed villas, 22 x 1-bed villas | P60: Gym Swimming Pool Reserved Parking Library Billiard Tables Squash Court Volleyball Court Tennis Court Satellite Cable Recreational Room Table Tennis Bus Transportation Children Playground Pest Control Security 24/7 Maintenance Barbecue Area Outdoor C | AC60: Unknown | AE60: Not Available | AF60: Property management, Marketing & leasing, Social media management, Content & photography, Integrated services | AG60: 10 | AH60: 8 | AI60: 20 | AJ60: 0 | AK60: 0 | AL60: 5 | AM60: =SUM(AG60:AL60) -> 43 | AN60: =IF(AM60>=80,"A",IF(AM60>=60,"B","C")) -> C | AP60: https://rightcompound.com/compounds/khobar/al-ferdouse ; https://www.expat.com/en/forum/middle-east/saudi-arabia/khobar/778968-list-of-some-compounds-in-al-khobar-ksa.html | AQ60: 2026-10-11
A61: KHB-060 | B61: Durrat Al Khaleej Compound | D61: Al Khobar | E61: Al Aziziyah | F61: Aziziah | G61: Open map | H61: 26.109005 | I61: 50.139563 | J61: Villa Compound | K61: Residential compound | L61: Operating (listed) | N61: 108 | P61: Gym Swimming Pool Reserved Parking Billiard Tables Basketball Court Volleyball Court Tennis Court Table Tennis Garbage Chute Children Playground Pest Control Security 24/7 Maintenance Outdoor Children Playground Mini Market Multipurpose Hall Shaded P | AC61: Unknown | AE61: Not Available | AF61: Property management, Marketing & leasing, Social media management, Content & photography, Integrated services | AG61: 15 | AH61: 8 | AI61: 20 | AJ61: 0 | AK61: 0 | AL61: 5 | AM61: =SUM(AG61:AL61) -> 48 | AN61: =IF(AM61>=80,"A",IF(AM61>=60,"B","C")) -> C | AP61: https://rightcompound.com/compounds/khobar/durrat-al-khaleej-compound | AQ61: 2026-10-11
A62: KHB-061 | B62: Nouf Compound | D62: Al Khobar | E62: Al Jawhara | F62: KSA | G62: Open map | H62: 26.326345 | I62: 50.190396 | J62: Villa Compound | K62: Residential compound | L62: Operating (listed) | N62: 33 | O62: 27 x 3-bed villas, 6 x 2-bed apartments | P62: Gym Swimming Pool Reserved Parking Billiard Tables Wireless Internet Satellite Cable Recreational Room Table Tennis Bus Transportation | AC62: Unknown | AE62: Not Available | AF62: Property management, Marketing & leasing, Social media management, Content & photography, Integrated services | AG62: 5 | AH62: 8 | AI62: 20 | AJ62: 0 | AK62: 0 | AL62: 5 | AM62: =SUM(AG62:AL62) -> 38 | AN62: =IF(AM62>=80,"A",IF(AM62>=60,"B","C")) -> C | AP62: https://rightcompound.com/compounds/khobar/nouf-compound ; https://whichschooladvisor.com/saudi/area-guide/eastern-province/al-khobar | AQ62: 2026-10-11
A63: KHB-062 | B63: Meadow Park (Medo Park) Compound | D63: Al Khobar | E63: Al Jawhara (Golden Belt) | F63: Al Jawhara district (Golden Belt) area by Al Quds street /Al mansuriyah street | G63: Open map | H63: 26.325882 | I63: 50.197359 | J63: Mixed Residential Compound | K63: Residential compound | L63: Operating (listed) | O63: 3-bed villas, 1-bed apartments | P63: Gym Swimming Pool Basketball Court Garbage Chute Pest Control Security 24/7 Maintenance Multipurpose Hall | AC63: Unknown | AE63: Not Available | AF63: Property management, Marketing & leasing, Social media management, Content & photography, Integrated services | AG63: 0 | AH63: 8 | AI63: 20 | AJ63: 0 | AK63: 0 | AL63: 5 | AM63: =SUM(AG63:AL63) -> 33 | AN63: =IF(AM63>=80,"A",IF(AM63>=60,"B","C")) -> C | AP63: https://rightcompound.com/compounds/khobar/medo-park-compound-al-khobar ; https://whichschooladvisor.com/saudi/area-guide/eastern-province/al-khobar | AQ63: 2026-10-11
A64: KHB-063 | B64: Nasamat Residence | D64: Al Khobar | E64: Al Tahliyah (Aziziyah) | F64: Al Tahliah , Aziziyah district | G64: Open map | H64: 26.189739 | I64: 50.211596 | J64: Staff Accommodation | K64: Residential compound | L64: Operating (listed) | O64: Individual and group housing | P64: Gym Reserved Parking Garbage Chute Pest Control Security 24/7 Maintenance Multipurpose Hall Green Area and Shaded Area CCTV | AC64: Unknown | AE64: Not Available | AF64: Property management, Marketing & leasing, Social media management, Content & photography, Integrated services | AG64: 0 | AH64: 8 | AI64: 20 | AJ64: 0 | AK64: 0 | AL64: 5 | AM64: =SUM(AG64:AL64) -> 33 | AN64: =IF(AM64>=80,"A",IF(AM64>=60,"B","C")) -> C | AP64: https://rightcompound.com/compounds/khobar/nasamat-residential-complex | AQ64: 2026-10-11
A65: KHB-064 | B65: Al Nawras Residential Compound | D65: Al Khobar | E65: Al Aziziyah | F65: Aziziyah (North of the New Municipality Bldg.) | G65: Open map | H65: 26.187868 | I65: 50.179539 | J65: Mixed Residential Compound | K65: Residential compound | L65: Operating (listed) | P65: Gym Swimming Pool Reserved Parking Snack Bar Wireless Internet Satellite Cable Recreational Room Business Centre Bus Transportation | AC65: Unknown | AE65: Not Available | AF65: Property management, Marketing & leasing, Social media management, Content & photography, Integrated services | AG65: 0 | AH65: 8 | AI65: 20 | AJ65: 0 | AK65: 0 | AL65: 5 | AM65: =SUM(AG65:AL65) -> 33 | AN65: =IF(AM65>=80,"A",IF(AM65>=60,"B","C")) -> C | AP65: https://rightcompound.com/compounds/khobar/al-nawras-residential-compound | AQ65: 2026-10-11
A66: KHB-065 | B66: Al Bilad Compound | D66: Al Khobar | E66: Golden Belt (near Taba Center) | F66: KSA | G66: Open map | H66: 26.317767 | I66: 50.184817 | J66: Mixed Residential Compound | K66: Residential compound | L66: Operating (listed) | P66: Swimming Pool Reserved Parking Basketball Court Wireless Internet Recreational Room Bus Transportation | AC66: Unknown | AE66: Not Available | AF66: Property management, Marketing & leasing, Social media management, Content & photography, Integrated services | AG66: 0 | AH66: 8 | AI66: 20 | AJ66: 0 | AK66: 0 | AL66: 5 | AM66: =SUM(AG66:AL66) -> 33 | AN66: =IF(AM66>=80,"A",IF(AM66>=60,"B","C")) -> C | AP66: https://rightcompound.com/compounds/khobar/al-bilad-compound | AQ66: 2026-10-11
A67: KHB-066 | B67: Al Falak Compound | D67: Al Khobar | E67: Al Rakah | F67: Rakah | G67: Open map | H67: 26.339656 | I67: 50.203528 | J67: Mixed Residential Compound | K67: Residential compound | L67: Operating (listed) | P67: Gym Swimming Pool Reserved Parking Basketball Court Tennis Court Recreational Room Table Tennis Garbage Chute Children Playground Pest Control Security 24/7 Maintenance Outdoor Children Playground Multipurpose Hall Shaded Parking Area Sauna Room CCTV | AC67: Unknown | AE67: Not Available | AF67: Property management, Marketing & leasing, Social media management, Content & photography, Integrated services | AG67: 0 | AH67: 8 | AI67: 20 | AJ67: 0 | AK67: 0 | AL67: 5 | AM67: =SUM(AG67:AL67) -> 33 | AN67: =IF(AM67>=80,"A",IF(AM67>=60,"B","C")) -> C | AP67: https://rightcompound.com/compounds/khobar/al-falak-compound | AQ67: 2026-10-11
A68: KHB-067 | B68: Al Khobar Views Complex | D68: Al Khobar | E68: Corniche | F68: Al Khobar - Al Cornish | G68: Open map | H68: 26.326626 | I68: 50.215462 | J68: Apartment Compound | K68: Residential compound | L68: Operating (listed) | P68: Gym Security 24/7 Maintenance Lounge Indoor Swimming Pool Sauna Room Jacuzzi Room CCTV Basement Private Parking | AC68: Unknown | AE68: Not Available | AF68: Property management, Marketing & leasing, Social media management, Content & photography, Integrated services | AG68: 0 | AH68: 8 | AI68: 20 | AJ68: 0 | AK68: 0 | AL68: 5 | AM68: =SUM(AG68:AL68) -> 33 | AN68: =IF(AM68>=80,"A",IF(AM68>=60,"B","C")) -> C | AP68: https://rightcompound.com/compounds/khobar/al-khobar-views-complex | AQ68: 2026-10-11
A69: KHB-068 | B69: AlReemah Village | D69: Al Khobar | E69: Al Andalus (Prince Mashour St) | F69: Prince Mashore st, Al Andalus, Al Khobar 34437 | G69: Open map | H69: 26.330725 | I69: 50.185772 | J69: Villa Compound | K69: Residential compound | L69: Operating (listed) | P69: Gym Swimming Pool Kindergarten Baby Nursery Squash Court Basketball Court Wireless Internet Tennis Court Garbage Chute Children Playground Pest Control Security 24/7 Maintenance Barbecue Area Outdoor Children Playground Lounge Multipurpose Hall Shade | AC69: Unknown | AE69: Not Available | AF69: Property management, Marketing & leasing, Social media management, Content & photography, Integrated services | AG69: 0 | AH69: 8 | AI69: 20 | AJ69: 0 | AK69: 0 | AL69: 5 | AM69: =SUM(AG69:AL69) -> 33 | AN69: =IF(AM69>=80,"A",IF(AM69>=60,"B","C")) -> C | AP69: https://rightcompound.com/compounds/khobar/alreemah-village | AQ69: 2026-10-11
A70: KHB-069 | B70: Azhar Residences Compound | D70: Al Khobar | E70: Al Yarmouk | F70: Al Yarmouk | G70: Open map | H70: 26.32083 | I70: 50.217509 | J70: Mixed Residential Compound | K70: Residential compound | L70: Operating (listed) | P70: Gym Tennis Court Recreational Room Pest Control Security 24/7 Maintenance Outdoor Children Playground Indoor Swimming Pool Shaded Parking Area Green Area and Shaded Area Pet Friendly Compound Reception Lounge Outdoor Garden Area BBQ area Secure Acces | AC70: Unknown | AE70: Not Available | AF70: Property management, Marketing & leasing, Social media management, Content & photography, Integrated services | AG70: 0 | AH70: 8 | AI70: 20 | AJ70: 0 | AK70: 0 | AL70: 5 | AM70: =SUM(AG70:AL70) -> 33 | AN70: =IF(AM70>=80,"A",IF(AM70>=60,"B","C")) -> C | AP70: https://rightcompound.com/compounds/khobar/azhar-residences-compound | AQ70: 2026-10-11
A71: KHB-070 | B71: Daar Residence Compound | D71: Al Khobar | F71: Al Khobar | G71: Open map | H71: 26.331615 | I71: 50.191319 | J71: Mixed Residential Compound | K71: Residential compound | L71: Operating (listed) | P71: Gym Swimming Pool Reserved Parking Restaurant Billiard Tables Squash Court Basketball Court Volleyball Court Tennis Court Recreational Room Bowling Table Tennis Bus Transportation Cinema Garbage Chute Children Playground Pest Control Security 24/7 Ma | AC71: Unknown | AE71: Not Available | AF71: Property management, Marketing & leasing, Social media management, Content & photography, Integrated services | AG71: 0 | AH71: 8 | AI71: 20 | AJ71: 0 | AK71: 0 | AL71: 5 | AM71: =SUM(AG71:AL71) -> 33 | AN71: =IF(AM71>=80,"A",IF(AM71>=60,"B","C")) -> C | AP71: https://rightcompound.com/compounds/khobar/daar-residence-compound-al-khobar | AQ71: 2026-10-11
A72: KHB-071 | B72: Dewan Al Jazirah Compound | D72: Al Khobar | E72: Coastal Road | F72: Al Khobar, Coastal Road | G72: Open map | H72: 26.317152 | I72: 50.219815 | J72: Mixed Residential Compound | K72: Residential compound | L72: Under construction (per listing; date unknown) | P72: Gym Swimming Pool Kindergarten Reserved Parking Snack Bar Billiard Tables Squash Court Basketball Court Volleyball Court Wireless Internet Tennis Court Satellite Cable Commercial Centre Recreational Room Table Tennis Bus Transportation | AC72: Unknown | AE72: Not Available | AF72: Property management, Marketing & leasing, Social media management, Content & photography, Integrated services | AG72: 0 | AH72: 13 | AI72: 20 | AJ72: 0 | AK72: 0 | AL72: 10 | AM72: =SUM(AG72:AL72) -> 43 | AN72: =IF(AM72>=80,"A",IF(AM72>=60,"B","C")) -> C | AP72: https://rightcompound.com/compounds/khobar/dewan-al-jazirah-compound | AQ72: 2026-10-11
A73: KHB-072 | B73: Jadawel Compound | D73: Al Khobar | E73: Near Dhahran Expo (Dammam Highway) | F73: Near to Dhahran International Exibition Centre | G73: Open map | H73: 26.366341 | I73: 50.206146 | J73: Mixed Residential Compound | K73: Residential compound | L73: Operating (listed) | P73: Gym Swimming Pool Kindergarten Reserved Parking Baby Nursery Beauty Salon Restaurant Ballroom Snack Bar Billiard Tables Basketball Court Tennis Court Satellite Cable Pre-school Centre Commercial Centre Recreational Room Business Centre Bowling Table | AC73: Unknown | AE73: Not Available | AF73: Property management, Marketing & leasing, Social media management, Content & photography, Integrated services | AG73: 0 | AH73: 8 | AI73: 20 | AJ73: 0 | AK73: 0 | AL73: 5 | AM73: =SUM(AG73:AL73) -> 33 | AN73: =IF(AM73>=80,"A",IF(AM73>=60,"B","C")) -> C | AO73: Also listed as 'Al Rakah residential compound - Al Jadawel' in a business directory. | AP73: https://rightcompound.com/compounds/khobar/jadawel-compound | AQ73: 2026-10-11
A74: KHB-073 | B74: Marbella Compound | D74: Dhahran (Greater Khobar) | E74: Doha area | F74: Doha area , Al Khobar / Dhahran | G74: Open map | H74: 26.341691 | I74: 50.151 | J74: Mixed Residential Compound | K74: Residential compound | L74: Operating (listed) | P74: Gym Swimming Pool Kindergarten Reserved Parking Baby Nursery Library Beauty Salon Restaurant Snack Bar Billiard Tables Wireless Internet Satellite Cable Recreational Room Business Centre Table Tennis Cigar Lounge Garbage Chute Children Playground Pes | AC74: Unknown | AE74: Not Available | AF74: Property management, Marketing & leasing, Social media management, Content & photography, Integrated services | AG74: 0 | AH74: 8 | AI74: 20 | AJ74: 0 | AK74: 0 | AL74: 5 | AM74: =SUM(AG74:AL74) -> 33 | AN74: =IF(AM74>=80,"A",IF(AM74>=60,"B","C")) -> C | AP74: https://rightcompound.com/compounds/khobar/marbella-compound | AQ74: 2026-10-11
A75: KHB-074 | B75: Mira Mar Compound | D75: Al Khobar | E75: Al Rakah (Prince Sultan St) | F75: Al Khobar, Rakah district, Prince Sultan St. | G75: Open map | H75: 26.338672 | I75: 50.206168 | J75: Mixed Residential Compound | K75: Residential compound | L75: Operating (listed) | P75: Swimming Pool Reserved Parking Wireless Internet Satellite Cable | AC75: Unknown | AE75: Not Available | AF75: Property management, Marketing & leasing, Social media management, Content & photography, Integrated services | AG75: 0 | AH75: 8 | AI75: 20 | AJ75: 0 | AK75: 0 | AL75: 5 | AM75: =SUM(AG75:AL75) -> 33 | AN75: =IF(AM75>=80,"A",IF(AM75>=60,"B","C")) -> C | AP75: https://rightcompound.com/compounds/khobar/mira-mar-residential-compound | AQ75: 2026-10-11
A76: KHB-075 | B76: Sanus Compound | D76: Al Khobar | E76: Al Rakah Al Janubiyah | F76: Al Rakah Al Janubiyah | G76: Open map | H76: 26.345379 | I76: 50.20097 | J76: Villa Compound | K76: Residential compound | L76: Operating (listed) | O76: 3-bed villas | P76: Gym Swimming Pool Recreational Room Barbecue Area CCTV Football Court | AC76: Unknown | AE76: Not Available | AF76: Property management, Marketing & leasing, Social media management, Content & photography, Integrated services | AG76: 0 | AH76: 8 | AI76: 20 | AJ76: 0 | AK76: 0 | AL76: 5 | AM76: =SUM(AG76:AL76) -> 33 | AN76: =IF(AM76>=80,"A",IF(AM76>=60,"B","C")) -> C | AP76: https://rightcompound.com/compounds/khobar/sanus-compound | AQ76: 2026-10-11
A77: KHB-076 | B77: Shahla Residential Compound | D77: Al Khobar | E77: King Faisal Rd | F77: King Faisal Road | G77: Open map | H77: 26.354815 | I77: 50.210422 | J77: Mixed Residential Compound | K77: Residential compound | L77: Operating (listed) | P77: Gym Swimming Pool Reserved Parking Restaurant Squash Court Basketball Court Tennis Court Recreational Room Bowling Children Playground Pest Control Security 24/7 Maintenance Outdoor Children Playground Mini Market Gaming Room Cafeteria Prayer Room Sa | AC77: Unknown | AE77: Not Available | AF77: Property management, Marketing & leasing, Social media management, Content & photography, Integrated services | AG77: 0 | AH77: 8 | AI77: 20 | AJ77: 0 | AK77: 0 | AL77: 5 | AM77: =SUM(AG77:AL77) -> 33 | AN77: =IF(AM77>=80,"A",IF(AM77>=60,"B","C")) -> C | AP77: https://rightcompound.com/compounds/khobar/shahla-residential-compound | AQ77: 2026-10-11
A78: KHB-077 | B78: Verona Villas | D78: Al Khobar | E78: Al Rakah (Moh. Al Fateh St) | F78: Rakah - Al Khobar facing Panda , Moh. Alfateh St. | G78: Open map | H78: 26.359362 | I78: 50.195761 | J78: Villa Compound | K78: Residential compound | L78: Operating (listed) | N78: 11 | P78: Gym Swimming Pool Reserved Parking Billiard Tables Recreational Room Table Tennis | AC78: Unknown | AE78: Not Available | AF78: Property management, Marketing & leasing, Social media management, Content & photography, Integrated services | AG78: 5 | AH78: 8 | AI78: 20 | AJ78: 0 | AK78: 0 | AL78: 5 | AM78: =SUM(AG78:AL78) -> 38 | AN78: =IF(AM78>=80,"A",IF(AM78>=60,"B","C")) -> C | AP78: https://rightcompound.com/compounds/khobar/verona-villas | AQ78: 2026-10-11
A79: KHB-078 | B79: Al Bayt Residence | D79: Al Khobar | E79: Behind Abdulla Fouad Tower | F79: Al Khobar , behind Abdullah Foaud Tower , beside Gama Hospital | G79: Open map | H79: 26.370436 | I79: 50.171653 | J79: Staff Accommodation | K79: Residential compound | L79: Operating (listed) | P79: Gym Reserved Parking Restaurant Snack Bar Billiard Tables Wireless Internet Satellite Cable Recreational Room Table Tennis Cigar Lounge Garbage Chute Pest Control Security 24/7 Laundry Service Maintenance Rooftop Garden Cafeteria Lounge Multipurpose | AC79: Unknown | AE79: Not Available | AF79: Property management, Marketing & leasing, Social media management, Content & photography, Integrated services | AG79: 0 | AH79: 8 | AI79: 20 | AJ79: 0 | AK79: 0 | AL79: 5 | AM79: =SUM(AG79:AL79) -> 33 | AN79: =IF(AM79>=80,"A",IF(AM79>=60,"B","C")) -> C | AO79: Designed for bachelors. | AP79: https://rightcompound.com/compounds/khobar/residence-complex ; https://www.expat.com/en/forum/middle-east/saudi-arabia/khobar/778968-list-of-some-compounds-in-al-khobar-ksa.html | AQ79: 2026-10-11
A80: KHB-079 | B80: Ajdan Rise Residential Tower | D80: Al Khobar | E80: Khobar Waterfront (Prince Turki St) | F80: Prince Turki St | G80: Open map | H80: 26.282933 | I80: 50.222003 | J80: Apartment Compound | K80: Residential tower (separate category) | L80: Operating (listed) | P80: Gym Swimming Pool Commercial Centre Business Centre Cinema Children Playground Pest Control Security 24/7 Maintenance Mini Market Gaming Room Lounge First Aid Room Intercom System CCTV Basement Private Parking Fiber Optic High Speed Internet Cab Serv | AC80: Unknown | AE80: Not Available | AF80: Property management, Marketing & leasing, Social media management, Content & photography, Integrated services | AG80: 0 | AH80: 8 | AI80: 20 | AJ80: 0 | AK80: 0 | AL80: 5 | AM80: =SUM(AG80:AL80) -> 33 | AN80: =IF(AM80>=80,"A",IF(AM80>=60,"B","C")) -> C | AO80: Residential tower, not a gated compound. RightCompound lists both 'Ajdan Rise Tower' and 'Tanmia Ajdan High Rise' - merged. | AP80: https://rightcompound.com/compounds/khobar/ajdan-rise-tower ; https://rightcompound.com/compounds/khobar/tanmia | AQ80: 2026-10-11
A81: KHB-080 | B81: Roseville Compound | D81: Al Khobar | E81: Al Andalus | J81: Villa Compound | K81: Residential compound | L81: Unknown | N81: 60 | O81: 44 x 4-bed villas, 16 x 2-bed apartments | AC81: Unknown | AE81: Not Available | AF81: Property management, Marketing & leasing, Social media management, Content & photography, Integrated services | AG81: 10 | AH81: 8 | AI81: 14 | AJ81: 0 | AK81: 0 | AL81: 0 | AM81: =SUM(AG81:AL81) -> 32 | AN81: =IF(AM81>=80,"A",IF(AM81>=60,"B","C")) -> C | AP81: https://whichschooladvisor.com/saudi/area-guide/eastern-province/al-khobar ; https://www.expat.com/en/forum/middle-east/saudi-arabia/khobar/778968-list-of-some-compounds-in-al-khobar-ksa.html | AQ81: 2026-10-11
A82: KHB-081 | B82: Al Rushaid Village | D82: Al Khobar | J82: Villa Compound | K82: Residential compound | L82: Unknown | AC82: Unknown | AE82: Not Available | AF82: Property management, Marketing & leasing, Social media management, Content & photography, Integrated services | AG82: 0 | AH82: 8 | AI82: 14 | AJ82: 0 | AK82: 0 | AL82: 0 | AM82: =SUM(AG82:AL82) -> 22 | AN82: =IF(AM82>=80,"A",IF(AM82>=60,"B","C")) -> C | AO82: Named in forum lists (Al Rushaid Village 1, 2, 3); no official site found. | AP82: https://www.expat.com/en/forum/middle-east/saudi-arabia/khobar/778968-list-of-some-compounds-in-al-khobar-ksa.html | AQ82: 2026-10-11
A83: KHB-082 | B83: Al Hogait Compound | D83: Al Khobar | J83: Family Compound | K83: Residential compound | L83: Unknown | AC83: Unknown | AE83: Not Available | AF83: Property management, Marketing & leasing, Social media management, Content & photography, Integrated services | AG83: 0 | AH83: 8 | AI83: 14 | AJ83: 0 | AK83: 0 | AL83: 0 | AM83: =SUM(AG83:AL83) -> 22 | AN83: =IF(AM83>=80,"A",IF(AM83>=60,"B","C")) -> C | AO83: Forum list only (~2018). | AP83: https://www.expat.com/en/forum/middle-east/saudi-arabia/khobar/778968-list-of-some-compounds-in-al-khobar-ksa.html | AQ83: 2026-10-11
A84: KHB-083 | B84: Sara Village (BAE) | D84: Al Khobar | J84: Corporate Housing | K84: Residential compound | L84: Unknown | AC84: Unknown | AE84: Not Available | AF84: Marketing & leasing, Social media management, Content & photography | AG84: 0 | AH84: 8 | AI84: 14 | AJ84: 0 | AK84: 0 | AL84: 0 | AM84: =SUM(AG84:AL84) -> 22 | AN84: =IF(AM84>=80,"A",IF(AM84>=60,"B","C")) -> C | AO84: Forum thread title links compound to BAE Systems housing. | AP84: https://www.expat.com/en/forum/middle-east/saudi-arabia/khobar/1043703-sara-village-compound-bae-al-khobar.html | AQ84: 2026-10-11
A85: KHB-084 | B85: Al Subeaei Towers | D85: Al Khobar | J85: Apartment Compound | K85: Residential tower (separate category) | L85: Unknown | AC85: Unknown | AE85: Not Available | AF85: Property management, Marketing & leasing, Social media management, Content & photography, Integrated services | AG85: 0 | AH85: 8 | AI85: 20 | AJ85: 0 | AK85: 0 | AL85: 0 | AM85: =SUM(AG85:AL85) -> 28 | AN85: =IF(AM85>=80,"A",IF(AM85>=60,"B","C")) -> C | AP85: https://compoundin.com/compounds/khobar/al-subeaei-towers | AQ85: 2026-10-11
A86: KHB-085 | B86: HY Compound | D86: Al Khobar | E86: Al Rakah | J86: Apartment Compound | K86: Short-stay / serviced (separate category) | L86: Unknown | M86: 2024 | AC86: Unknown | AE86: Not Available | AF86: Property management, Marketing & leasing, Social media management, Content & photography, Integrated services | AG86: 0 | AH86: 8 | AI86: 14 | AJ86: 0 | AK86: 0 | AL86: 10 | AM86: =SUM(AG86:AL86) -> 32 | AN86: =IF(AM86>=80,"A",IF(AM86>=60,"B","C")) -> C | AO86: Listed on Trip.com as accommodation opened 2024. | AP86: https://ae.trip.com/hotels/al-khobar-hotel-detail-96255647/hy-compound-hy-compound | AQ86: 2026-10-11

Sheet Dammam
A1: ID | B1: Compound (EN) | C1: Compound (AR) | D1: City | E1: District | F1: Address | G1: Google Maps | H1: Latitude | I1: Longitude | J1: Compound Type | K1: Category | L1: Status | M1: Opened | N1: Units | O1: Unit Types | P1: Facilities | Q1: Website | R1: Main Phone | S1: Mobile | T1: WhatsApp | U1: Emails | V1: Instagram | W1: Facebook | X1: LinkedIn | Y1: Other Social | Z1: Owner | AA1: Developer | AB1: Property Manager / Operator | AC1: Management Type | AD1: Ownership Source | AE1: Contact Verification | AF1: Opportunities | AG1: Size (20) | AH1: Fit (25) | AI1: Need (20) | AJ1: Contact (15) | AK1: Party (10) | AL1: Collab (10) | AM1: Lead Score | AN1: Priority | AO1: Notes | AP1: Sources | AQ1: Last Checked
B2: Pending - Batch 2/3/4

Sheet Jubail
A1: ID | B1: Compound (EN) | C1: Compound (AR) | D1: City | E1: District | F1: Address | G1: Google Maps | H1: Latitude | I1: Longitude | J1: Compound Type | K1: Category | L1: Status | M1: Opened | N1: Units | O1: Unit Types | P1: Facilities | Q1: Website | R1: Main Phone | S1: Mobile | T1: WhatsApp | U1: Emails | V1: Instagram | W1: Facebook | X1: LinkedIn | Y1: Other Social | Z1: Owner | AA1: Developer | AB1: Property Manager / Operator | AC1: Management Type | AD1: Ownership Source | AE1: Contact Verification | AF1: Opportunities | AG1: Size (20) | AH1: Fit (25) | AI1: Need (20) | AJ1: Contact (15) | AK1: Party (10) | AL1: Collab (10) | AM1: Lead Score | AN1: Priority | AO1: Notes | AP1: Sources | AQ1: Last Checked
B2: Pending - Batch 2/3/4

Sheet Priority Leads
A1: Rank | B1: ID | C1: Compound | D1: City | E1: District | F1: Type | G1: Units | H1: Lead Score | I1: Priority | J1: Best Contact | K1: Contact Verification | L1: Opportunities | M1: Pro Core Property Mgmt fit | N1: Pro Core Media fit
A2: 1 | B2: KHB-015 | C2: Black Pearl Residential Compound | D2: Al Khobar | E2: Al Aziziyah | F2: Luxury Residential Compound | G2: 138 | H2: =INDEX('Master Database'!$AM:$AM,MATCH(B2,'Master Database'!$A:$A,0)) -> 65 | I2: =IF(H2>=80,"A",IF(H2>=60,"B","C")) -> B | J2: +966503105813 | K2: Verified | L2: Property management, Marketing & leasing, Social media management | M2: High | N2: Medium
A3: 2 | B3: KHB-006 | C3: Al Mohamadia Compound | D3: Al Khobar | E3: Al Sadafah | F3: Mixed Residential Compound | G3: 262 | H3: =INDEX('Master Database'!$AM:$AM,MATCH(B3,'Master Database'!$A:$A,0)) -> 64 | I3: =IF(H3>=80,"A",IF(H3>=60,"B","C")) -> B | J3: +966138142288 | K3: Verified | L3: Property management, Marketing & leasing, Paid ad campaigns | M3: High | N3: Medium
A4: 3 | B4: KHB-007 | C4: Zamil Village | D4: Al Khobar | E4: Al Qashlah | F4: Mixed Residential Compound | G4: 254 | H4: =INDEX('Master Database'!$AM:$AM,MATCH(B4,'Master Database'!$A:$A,0)) -> 64 | I4: =IF(H4>=80,"A",IF(H4>=60,"B","C")) -> B | J4: +966138136225 | K4: Verified | L4: Marketing & leasing, Paid ad campaigns | M4: Low | N4: Medium
A5: 4 | B5: KHB-016 | C5: Jzala Residential Compound | D5: Al Khobar | E5: King Saud St (Old Airport Rd) | F5: Villa Compound | G5: 100 | H5: =INDEX('Master Database'!$AM:$AM,MATCH(B5,'Master Database'!$A:$A,0)) -> 63 | I5: =IF(H5>=80,"A",IF(H5>=60,"B","C")) -> B | J5: 0507328261 | K5: Cross-Checked | L5: Property management, Marketing & leasing, Social media management, Content & photography, Integrated services | M5: High | N5: High
A6: 5 | B6: KHB-026 | C6: Palm Springs Compound | D6: Al Khobar | E6: Al Qishla (behind Abdulla Fouad Tower) | F6: Mixed Residential Compound | G6: 129 | H6: =INDEX('Master Database'!$AM:$AM,MATCH(B6,'Master Database'!$A:$A,0)) -> 63 | I6: =IF(H6>=80,"A",IF(H6>=60,"B","C")) -> B | J6: +966505872304 | K6: Unverified | L6: Property management, Marketing & leasing, Social media management, Content & photography, Integrated services | M6: High | N6: High
A7: 6 | B7: KHB-001 | C7: Canary Village | D7: Al Khobar | F7: Villa Compound | G7: 159 | H7: =INDEX('Master Database'!$AM:$AM,MATCH(B7,'Master Database'!$A:$A,0)) -> 59 | I7: =IF(H7>=80,"A",IF(H7>=60,"B","C")) -> C | J7: +966138590895 | K7: Verified | L7: Property management, Marketing & leasing, Paid ad campaigns | M7: High | N7: Medium
A8: 7 | B8: KHB-033 | C8: Al Riyadh Compound | D8: Al Khobar | F8: Villa Compound | G8: 100 | H8: =INDEX('Master Database'!$AM:$AM,MATCH(B8,'Master Database'!$A:$A,0)) -> 58 | I8: =IF(H8>=80,"A",IF(H8>=60,"B","C")) -> C | K8: Not Available | L8: Property management, Marketing & leasing, Social media management, Content & photography, Integrated services | M8: High | N8: High
A9: 8 | B9: KHB-024 | C9: Saraya Al Rawabi Complex | D9: Al Khobar | F9: Apartment Compound | G9: 66 | H9: =INDEX('Master Database'!$AM:$AM,MATCH(B9,'Master Database'!$A:$A,0)) -> 55 | I9: =IF(H9>=80,"A",IF(H9>=60,"B","C")) -> C | J9: 920004077 | K9: Verified | L9: Marketing & leasing, Social media management | M9: Low | N9: Medium
A10: 9 | B10: KHB-054 | C10: Ronda Residence Compound | D10: Al Khobar | E10: Al Sadafah | F10: Mixed Residential Compound | G10: 220 | H10: =INDEX('Master Database'!$AM:$AM,MATCH(B10,'Master Database'!$A:$A,0)) -> 54 | I10: =IF(H10>=80,"A",IF(H10>=60,"B","C")) -> C | J10: +966559008802 | K10: Verified | L10: Property management, Marketing & leasing, Paid ad campaigns | M10: High | N10: Medium
A11: 10 | B11: KHB-050 | C11: Al Danah & Al Nadah Compounds | D11: Al Khobar | F11: Villa Compound | G11: 232 | H11: =INDEX('Master Database'!$AM:$AM,MATCH(B11,'Master Database'!$A:$A,0)) -> 53 | I11: =IF(H11>=80,"A",IF(H11>=60,"B","C")) -> C | K11: Not Available | L11: Property management, Marketing & leasing, Social media management, Content & photography, Integrated services | M11: High | N11: High
A12: 11 | B12: KHB-041 | C12: Karawan Village | D12: Al Khobar | F12: Villa Compound | G12: 69 | H12: =INDEX('Master Database'!$AM:$AM,MATCH(B12,'Master Database'!$A:$A,0)) -> 53 | I12: =IF(H12>=80,"A",IF(H12>=60,"B","C")) -> C | K12: Not Available | L12: Marketing & leasing, Social media management, Content & photography | M12: Low | N12: High
A13: 12 | B13: KHB-053 | C13: The Pearl Residential Compound | D13: Al Khobar | E13: Qurtubah (Prince Sultan Bin Fahd Rd) | F13: Mixed Residential Compound | G13: 233 | H13: =INDEX('Master Database'!$AM:$AM,MATCH(B13,'Master Database'!$A:$A,0)) -> 53 | I13: =IF(H13>=80,"A",IF(H13>=60,"B","C")) -> C | K13: Not Available | L13: Property management, Marketing & leasing, Social media management, Content & photography, Integrated services | M13: High | N13: High
A14: 13 | B14: KHB-014 | C14: Al Ansari Compound Two | D14: Al Khobar | E14: Beside French School of Khobar | F14: Mixed Residential Compound | G14: 86 | H14: =INDEX('Master Database'!$AM:$AM,MATCH(B14,'Master Database'!$A:$A,0)) -> 50 | I14: =IF(H14>=80,"A",IF(H14>=60,"B","C")) -> C | J14: +966531223352 | K14: Unverified | L14: Marketing & leasing, Social media management | M14: Low | N14: Medium
A15: 14 | B15: KHB-002 | C15: Canary Vista | D15: Al Khobar | E15: Al Maha / Al Aziziyah | F15: Villa Compound | G15: 326 | H15: =INDEX('Master Database'!$AM:$AM,MATCH(B15,'Master Database'!$A:$A,0)) -> 49 | I15: =IF(H15>=80,"A",IF(H15>=60,"B","C")) -> C | J15: +966138494999 | K15: Verified | L15: Property management, Marketing & leasing, Paid ad campaigns | M15: High | N15: Medium
A16: 15 | B16: KHB-018 | C16: Al Remal Village | D16: Al Khobar | E16: Al Andalus / Golden Belt (Al Quds St) | F16: Mixed Residential Compound | G16: 124 | H16: =INDEX('Master Database'!$AM:$AM,MATCH(B16,'Master Database'!$A:$A,0)) -> 48 | I16: =IF(H16>=80,"A",IF(H16>=60,"B","C")) -> C | J16: 920004598 | K16: Unverified | L16: Property management, Marketing & leasing, Social media management, Content & photography, Integrated services | M16: High | N16: High
A17: 16 | B17: KHB-034 | C17: Al Safa Homes (Al Saeed Village 5) | D17: Al Khobar | E17: Al Rakah | F17: Villa Compound | G17: 32 | H17: =INDEX('Master Database'!$AM:$AM,MATCH(B17,'Master Database'!$A:$A,0)) -> 48 | I17: =IF(H17>=80,"A",IF(H17>=60,"B","C")) -> C | K17: Not Available | L17: Property management, Marketing & leasing, Social media management, Content & photography, Integrated services | M17: Medium | N17: High
A18: 17 | B18: KHB-036 | C18: Al Yasmeen Homes (Al Saeed Village 4) | D18: Al Khobar | F18: Apartment Compound | G18: 40 | H18: =INDEX('Master Database'!$AM:$AM,MATCH(B18,'Master Database'!$A:$A,0)) -> 48 | I18: =IF(H18>=80,"A",IF(H18>=60,"B","C")) -> C | K18: Not Available | L18: Property management, Marketing & leasing, Social media management, Content & photography, Integrated services | M18: Medium | N18: High
A19: 18 | B19: KHB-009 | C19: Arabian Village (Arabian Homes) | D19: Al Khobar | E19: Qurtubah | F19: Mixed Residential Compound | G19: 134 | H19: =INDEX('Master Database'!$AM:$AM,MATCH(B19,'Master Database'!$A:$A,0)) -> 48 | I19: =IF(H19>=80,"A",IF(H19>=60,"B","C")) -> C | K19: Not Available | L19: Marketing & leasing, Social media management, Content & photography | M19: Low | N19: High
A20: 19 | B20: KHB-051 | C20: Desert Rose Compound | D20: Al Khobar | E20: Al Rakah Al Janubiyah | F20: Apartment Compound | G20: 175 | H20: =INDEX('Master Database'!$AM:$AM,MATCH(B20,'Master Database'!$A:$A,0)) -> 48 | I20: =IF(H20>=80,"A",IF(H20>=60,"B","C")) -> C | K20: Not Available | L20: Property management, Marketing & leasing, Social media management, Content & photography, Integrated services | M20: High | N20: High
A21: 20 | B21: KHB-060 | C21: Durrat Al Khaleej Compound | D21: Al Khobar | E21: Al Aziziyah | F21: Villa Compound | G21: 108 | H21: =INDEX('Master Database'!$AM:$AM,MATCH(B21,'Master Database'!$A:$A,0)) -> 48 | I21: =IF(H21>=80,"A",IF(H21>=60,"B","C")) -> C | K21: Not Available | L21: Property management, Marketing & leasing, Social media management, Content & photography, Integrated services | M21: High | N21: High
A22: 21 | B22: KHB-057 | C22: Gulf Homes Compound | D22: Dhahran (Greater Khobar) | E22: Prince Miteb St | F22: Apartment Compound | G22: 195 | H22: =INDEX('Master Database'!$AM:$AM,MATCH(B22,'Master Database'!$A:$A,0)) -> 48 | I22: =IF(H22>=80,"A",IF(H22>=60,"B","C")) -> C | K22: Not Available | L22: Property management, Marketing & leasing, Social media management, Content & photography, Integrated services | M22: High | N22: High
A23: 22 | B23: KHB-021 | C23: Retal Khobar (Rtal Square) | D23: Al Khobar | E23: Al Bandariyah | F23: Apartment Compound | G23: 96 | H23: =INDEX('Master Database'!$AM:$AM,MATCH(B23,'Master Database'!$A:$A,0)) -> 48 | I23: =IF(H23>=80,"A",IF(H23>=60,"B","C")) -> C | J23: +966920021022 | K23: Unverified | L23: Marketing & leasing, Social media management, Content & photography | M23: Low | N23: High
A24: 23 | B24: KHB-025 | C24: Refad Compound | D24: Al Khobar | F24: Mixed Residential Compound | G24: 100 | H24: =INDEX('Master Database'!$AM:$AM,MATCH(B24,'Master Database'!$A:$A,0)) -> 45 | I24: =IF(H24>=80,"A",IF(H24>=60,"B","C")) -> C | J24: +966920031839 | K24: Unverified | L24: Property management, Marketing & leasing, Social media management | M24: High | N24: Medium
A25: 24 | B25: KHB-023 | C25: Saraya Al Olaya Towers | D25: Al Khobar | F25: Apartment Compound | H25: =INDEX('Master Database'!$AM:$AM,MATCH(B25,'Master Database'!$A:$A,0)) -> 45 | I25: =IF(H25>=80,"A",IF(H25>=60,"B","C")) -> C | J25: 920004077 | K25: Verified | L25: Marketing & leasing, Social media management | M25: Low | N25: Medium
A26: 25 | B26: KHB-055 | C26: Rima Residences | D26: Al Khobar | E26: Al Bandariyah (King Fahd Rd) | F26: Apartment Compound | G26: 216 | H26: =INDEX('Master Database'!$AM:$AM,MATCH(B26,'Master Database'!$A:$A,0)) -> 44 | I26: =IF(H26>=80,"A",IF(H26>=60,"B","C")) -> C | J26: +966138144907 | K26: Unverified | L26: Property management, Marketing & leasing, Paid ad campaigns | M26: High | N26: Medium
A27: 26 | B27: KHB-017 | C27: Al Fares Residential Compound | D27: Al Khobar | E27: Al Manara Al Bayda St (near Corniche) | F27: Villa Compound | G27: 15 | H27: =INDEX('Master Database'!$AM:$AM,MATCH(B27,'Master Database'!$A:$A,0)) -> 43 | I27: =IF(H27>=80,"A",IF(H27>=60,"B","C")) -> C | J27: 0500733111 | K27: Unverified | L27: Property management, Marketing & leasing, Social media management, Content & photography, Integrated services | M27: Medium | N27: High
A28: 27 | B28: KHB-059 | C28: Al Ferdouse Village | D28: Al Khobar | E28: Al Aqrabiyah (Prince Hamoud St) | F28: Villa Compound | G28: 65 | H28: =INDEX('Master Database'!$AM:$AM,MATCH(B28,'Master Database'!$A:$A,0)) -> 43 | I28: =IF(H28>=80,"A",IF(H28>=60,"B","C")) -> C | K28: Not Available | L28: Property management, Marketing & leasing, Social media management, Content & photography, Integrated services | M28: High | N28: High
A29: 28 | B29: KHB-045 | C29: Al Rashid Residence Towers | D29: Al Khobar | E29: West Khobar (Khadem Al Haramain Rd) | F29: Apartment Compound | H29: =INDEX('Master Database'!$AM:$AM,MATCH(B29,'Master Database'!$A:$A,0)) -> 43 | I29: =IF(H29>=80,"A",IF(H29>=60,"B","C")) -> C | K29: Not Available | L29: Marketing & leasing, Social media management, Content & photography | M29: Low | N29: High
A30: 29 | B30: KHB-038 | C30: Al Shablan Compounds | D30: Al Khobar | F30: Mixed Residential Compound | H30: =INDEX('Master Database'!$AM:$AM,MATCH(B30,'Master Database'!$A:$A,0)) -> 43 | I30: =IF(H30>=80,"A",IF(H30>=60,"B","C")) -> C | K30: Not Available | L30: Property management, Marketing & leasing, Social media management, Content & photography, Integrated services | M30: Medium | N30: High
A31: 30 | B31: KHB-035 | C31: Al Sharq Homes (Al Saeed Village 3) | D31: Al Khobar | F31: Luxury Residential Compound | H31: =INDEX('Master Database'!$AM:$AM,MATCH(B31,'Master Database'!$A:$A,0)) -> 43 | I31: =IF(H31>=80,"A",IF(H31>=60,"B","C")) -> C | K31: Not Available | L31: Property management, Marketing & leasing, Social media management, Content & photography, Integrated services | M31: Medium | N31: High
A32: 31 | B32: KHB-040 | C32: Cedar Village Compound | D32: Al Khobar | E32: Golden Belt | F32: Family Compound | H32: =INDEX('Master Database'!$AM:$AM,MATCH(B32,'Master Database'!$A:$A,0)) -> 43 | I32: =IF(H32>=80,"A",IF(H32>=60,"B","C")) -> C | K32: Not Available | L32: Marketing & leasing, Social media management, Content & photography | M32: Low | N32: High
A33: 32 | B33: KHB-071 | C33: Dewan Al Jazirah Compound | D33: Al Khobar | E33: Coastal Road | F33: Mixed Residential Compound | H33: =INDEX('Master Database'!$AM:$AM,MATCH(B33,'Master Database'!$A:$A,0)) -> 43 | I33: =IF(H33>=80,"A",IF(H33>=60,"B","C")) -> C | K33: Not Available | L33: Property management, Marketing & leasing, Social media management, Content & photography, Integrated services | M33: Medium | N33: High
A34: 33 | B34: KHB-042 | C34: Gulf Pearl Compound 2 | D34: Al Khobar | E34: Al Aziziyah | F34: Mixed Residential Compound | H34: =INDEX('Master Database'!$AM:$AM,MATCH(B34,'Master Database'!$A:$A,0)) -> 43 | I34: =IF(H34>=80,"A",IF(H34>=60,"B","C")) -> C | K34: Not Available | L34: Property management, Marketing & leasing, Social media management, Content & photography, Integrated services | M34: Medium | N34: High
A35: 34 | B35: KHB-044 | C35: Jouri Compound | D35: Al Khobar | E35: Al Mutlaqiyah | F35: Mixed Residential Compound | H35: =INDEX('Master Database'!$AM:$AM,MATCH(B35,'Master Database'!$A:$A,0)) -> 43 | I35: =IF(H35>=80,"A",IF(H35>=60,"B","C")) -> C | K35: Not Available | L35: Property management, Marketing & leasing, Social media management, Content & photography, Integrated services | M35: Medium | N35: High
A36: 35 | B36: KHB-039 | C36: Opal Compound | D36: Al Khobar | F36: Mixed Residential Compound | H36: =INDEX('Master Database'!$AM:$AM,MATCH(B36,'Master Database'!$A:$A,0)) -> 43 | I36: =IF(H36>=80,"A",IF(H36>=60,"B","C")) -> C | K36: Not Available | L36: Marketing & leasing, Social media management, Content & photography | M36: Low | N36: High
A37: 36 | B37: KHB-008 | C37: Wadi Village | D37: Al Khobar | E37: Qurtubah | F37: Luxury Residential Compound | G37: 52 | H37: =INDEX('Master Database'!$AM:$AM,MATCH(B37,'Master Database'!$A:$A,0)) -> 43 | I37: =IF(H37>=80,"A",IF(H37>=60,"B","C")) -> C | K37: Not Available | L37: Marketing & leasing, Social media management, Content & photography | M37: Low | N37: High
A38: 37 | B38: KHB-010 | C38: Retal Residence | D38: Al Khobar | E38: Al Rakah | F38: Mixed Residential Compound | H38: =INDEX('Master Database'!$AM:$AM,MATCH(B38,'Master Database'!$A:$A,0)) -> 40 | I38: =IF(H38>=80,"A",IF(H38>=60,"B","C")) -> C | J38: +966138259600 | K38: Verified | L38: Property management, Marketing & leasing, Social media management | M38: Medium | N38: Medium
A39: 38 | B39: KHB-027 | C39: Dana Beach Resort | D39: Al Khobar | E39: Half Moon Bay (Dana Bay) | F39: Luxury Residential Compound | H39: =INDEX('Master Database'!$AM:$AM,MATCH(B39,'Master Database'!$A:$A,0)) -> 38 | I39: =IF(H39>=80,"A",IF(H39>=60,"B","C")) -> C | J39: +966500501768 | K39: Unverified | L39: Property management, Marketing & leasing, Social media management, Content & photography, Integrated services | M39: Medium | N39: High
A40: 39 | B40: KHB-003 | C40: Eurovillage | D40: Al Khobar | E40: Prince Sultan Road (central Khobar) | F40: Villa Compound | G40: 560 | H40: =INDEX('Master Database'!$AM:$AM,MATCH(B40,'Master Database'!$A:$A,0)) -> 38 | I40: =IF(H40>=80,"A",IF(H40>=60,"B","C")) -> C | J40: 0138579780 | K40: Verified | L40: Property management, Paid ad campaigns | M40: High | N40: Medium
A41: 40 | B41: KHB-028 | C41: Green Park Lifestyle Residence | D41: Al Khobar | E41: Al Jawhara | F41: Mixed Residential Compound | H41: =INDEX('Master Database'!$AM:$AM,MATCH(B41,'Master Database'!$A:$A,0)) -> 38 | I41: =IF(H41>=80,"A",IF(H41>=60,"B","C")) -> C | J41: +966543787979 | K41: Unverified | L41: Property management, Marketing & leasing, Social media management, Content & photography, Integrated services | M41: Medium | N41: High
A42: 41 | B42: KHB-030 | C42: Le Ruya Residential Resort | D42: Al Khobar | E42: Ishbiliya (Al Bayan St) | F42: Family Compound | H42: =INDEX('Master Database'!$AM:$AM,MATCH(B42,'Master Database'!$A:$A,0)) -> 38 | I42: =IF(H42>=80,"A",IF(H42>=60,"B","C")) -> C | J42: 0559318510 | K42: Unverified | L42: Property management, Marketing & leasing, Social media management, Content & photography, Integrated services | M42: Medium | N42: High
A43: 42 | B43: KHB-032 | C43: Loay Compound | D43: Al Khobar | F43: Mixed Residential Compound | H43: =INDEX('Master Database'!$AM:$AM,MATCH(B43,'Master Database'!$A:$A,0)) -> 38 | I43: =IF(H43>=80,"A",IF(H43>=60,"B","C")) -> C | J43: 0554216987 | K43: Unverified | L43: Property management, Marketing & leasing, Social media management, Content & photography, Integrated services | M43: Medium | N43: High
A44: 43 | B44: KHB-029 | C44: Marissa Elite Complex | D44: Dhahran (Greater Khobar) | E44: Al Qusor | F44: Mixed Residential Compound | H44: =INDEX('Master Database'!$AM:$AM,MATCH(B44,'Master Database'!$A:$A,0)) -> 38 | I44: =IF(H44>=80,"A",IF(H44>=60,"B","C")) -> C | J44: +966553592411 | K44: Unverified | L44: Property management, Marketing & leasing, Social media management, Content & photography, Integrated services | M44: Medium | N44: High
A45: 44 | B45: KHB-061 | C45: Nouf Compound | D45: Al Khobar | E45: Al Jawhara | F45: Villa Compound | G45: 33 | H45: =INDEX('Master Database'!$AM:$AM,MATCH(B45,'Master Database'!$A:$A,0)) -> 38 | I45: =IF(H45>=80,"A",IF(H45>=60,"B","C")) -> C | K45: Not Available | L45: Property management, Marketing & leasing, Social media management, Content & photography, Integrated services | M45: Medium | N45: High
A46: 45 | B46: KHB-037 | C46: Saeed Residential Compound 1 | D46: Al Khobar | F46: Villa Compound | G46: 30 | H46: =INDEX('Master Database'!$AM:$AM,MATCH(B46,'Master Database'!$A:$A,0)) -> 38 | I46: =IF(H46>=80,"A",IF(H46>=60,"B","C")) -> C | K46: Not Available | L46: Property management, Marketing & leasing, Social media management, Content & photography, Integrated services | M46: Medium | N46: High
A47: 46 | B47: KHB-031 | C47: South Park Compound | D47: Dhahran (Greater Khobar) | E47: Al Douha | F47: Mixed Residential Compound | H47: =INDEX('Master Database'!$AM:$AM,MATCH(B47,'Master Database'!$A:$A,0)) -> 38 | I47: =IF(H47>=80,"A",IF(H47>=60,"B","C")) -> C | J47: 0538090077 | K47: Unverified | L47: Property management, Marketing & leasing, Social media management, Content & photography, Integrated services | M47: Medium | N47: High
A48: 47 | B48: KHB-077 | C48: Verona Villas | D48: Al Khobar | E48: Al Rakah (Moh. Al Fateh St) | F48: Villa Compound | G48: 11 | H48: =INDEX('Master Database'!$AM:$AM,MATCH(B48,'Master Database'!$A:$A,0)) -> 38 | I48: =IF(H48>=80,"A",IF(H48>=60,"B","C")) -> C | K48: Not Available | L48: Property management, Marketing & leasing, Social media management, Content & photography, Integrated services | M48: Medium | N48: High
A49: 48 | B49: KHB-019 | C49: Nesma Compound | D49: Al Khobar | E49: Al Jawhara (Al Quds St) | F49: Villa Compound | H49: =INDEX('Master Database'!$AM:$AM,MATCH(B49,'Master Database'!$A:$A,0)) -> 37 | I49: =IF(H49>=80,"A",IF(H49>=60,"B","C")) -> C | J49: 0535553932 | K49: Unverified | L49: Property management, Marketing & leasing, Content & photography, Paid ad campaigns, Integrated services | M49: Medium | N49: High
A50: 49 | B50: KHB-011 | C50: Grand Village | D50: Al Khobar | E50: North Khobar (Prince Saud Al Faisal Rd) | F50: Luxury Residential Compound | H50: =INDEX('Master Database'!$AM:$AM,MATCH(B50,'Master Database'!$A:$A,0)) -> 35 | I50: =IF(H50>=80,"A",IF(H50>=60,"B","C")) -> C | J50: +966551222424 | K50: Cross-Checked | L50: Property management, Marketing & leasing, Social media management | M50: Medium | N50: Medium
A51: 50 | B51: KHB-013 | C51: Al Ansari Compound One | D51: Al Khobar | F51: Mixed Residential Compound | H51: =INDEX('Master Database'!$AM:$AM,MATCH(B51,'Master Database'!$A:$A,0)) -> 34 | I51: =IF(H51>=80,"A",IF(H51>=60,"B","C")) -> C | J51: +966531223352 | K51: Unverified | L51: Marketing & leasing, Paid ad campaigns | M51: Low | N51: Medium
A52: 51 | B52: KHB-079 | C52: Ajdan Rise Residential Tower | D52: Al Khobar | E52: Khobar Waterfront (Prince Turki St) | F52: Apartment Compound | H52: =INDEX('Master Database'!$AM:$AM,MATCH(B52,'Master Database'!$A:$A,0)) -> 33 | I52: =IF(H52>=80,"A",IF(H52>=60,"B","C")) -> C | K52: Not Available | L52: Property management, Marketing & leasing, Social media management, Content & photography, Integrated services | M52: Medium | N52: High
A53: 52 | B53: KHB-078 | C53: Al Bayt Residence | D53: Al Khobar | E53: Behind Abdulla Fouad Tower | F53: Staff Accommodation | H53: =INDEX('Master Database'!$AM:$AM,MATCH(B53,'Master Database'!$A:$A,0)) -> 33 | I53: =IF(H53>=80,"A",IF(H53>=60,"B","C")) -> C | K53: Not Available | L53: Property management, Marketing & leasing, Social media management, Content & photography, Integrated services | M53: Medium | N53: High
A54: 53 | B54: KHB-065 | C54: Al Bilad Compound | D54: Al Khobar | E54: Golden Belt (near Taba Center) | F54: Mixed Residential Compound | H54: =INDEX('Master Database'!$AM:$AM,MATCH(B54,'Master Database'!$A:$A,0)) -> 33 | I54: =IF(H54>=80,"A",IF(H54>=60,"B","C")) -> C | K54: Not Available | L54: Property management, Marketing & leasing, Social media management, Content & photography, Integrated services | M54: Medium | N54: High
A55: 54 | B55: KHB-066 | C55: Al Falak Compound | D55: Al Khobar | E55: Al Rakah | F55: Mixed Residential Compound | H55: =INDEX('Master Database'!$AM:$AM,MATCH(B55,'Master Database'!$A:$A,0)) -> 33 | I55: =IF(H55>=80,"A",IF(H55>=60,"B","C")) -> C | K55: Not Available | L55: Property management, Marketing & leasing, Social media management, Content & photography, Integrated services | M55: Medium | N55: High
A56: 55 | B56: KHB-067 | C56: Al Khobar Views Complex | D56: Al Khobar | E56: Corniche | F56: Apartment Compound | H56: =INDEX('Master Database'!$AM:$AM,MATCH(B56,'Master Database'!$A:$A,0)) -> 33 | I56: =IF(H56>=80,"A",IF(H56>=60,"B","C")) -> C | K56: Not Available | L56: Property management, Marketing & leasing, Social media management, Content & photography, Integrated services | M56: Medium | N56: High
A57: 56 | B57: KHB-064 | C57: Al Nawras Residential Compound | D57: Al Khobar | E57: Al Aziziyah | F57: Mixed Residential Compound | H57: =INDEX('Master Database'!$AM:$AM,MATCH(B57,'Master Database'!$A:$A,0)) -> 33 | I57: =IF(H57>=80,"A",IF(H57>=60,"B","C")) -> C | K57: Not Available | L57: Property management, Marketing & leasing, Social media management, Content & photography, Integrated services | M57: Medium | N57: High
A58: 57 | B58: KHB-046 | C58: Al Rashid Residence (Al Rashid Mall) | D58: Al Khobar | E58: Al Olaya | F58: Apartment Compound | H58: =INDEX('Master Database'!$AM:$AM,MATCH(B58,'Master Database'!$A:$A,0)) -> 33 | I58: =IF(H58>=80,"A",IF(H58>=60,"B","C")) -> C | K58: Not Available | L58: Property management, Marketing & leasing, Social media management, Content & photography, Integrated services | M58: Medium | N58: High
A59: 58 | B59: KHB-056 | C59: Al Rawabi Pearl Complex | D59: Al Khobar | E59: Ar Rawabi | F59: Apartment Compound | H59: =INDEX('Master Database'!$AM:$AM,MATCH(B59,'Master Database'!$A:$A,0)) -> 33 | I59: =IF(H59>=80,"A",IF(H59>=60,"B","C")) -> C | K59: Not Available | L59: Property management, Marketing & leasing, Social media management, Content & photography, Integrated services | M59: Medium | N59: High
A60: 59 | B60: KHB-068 | C60: AlReemah Village | D60: Al Khobar | E60: Al Andalus (Prince Mashour St) | F60: Villa Compound | H60: =INDEX('Master Database'!$AM:$AM,MATCH(B60,'Master Database'!$A:$A,0)) -> 33 | I60: =IF(H60>=80,"A",IF(H60>=60,"B","C")) -> C | K60: Not Available | L60: Property management, Marketing & leasing, Social media management, Content & photography, Integrated services | M60: Medium | N60: High
A61: 60 | B61: KHB-069 | C61: Azhar Residences Compound | D61: Al Khobar | E61: Al Yarmouk | F61: Mixed Residential Compound | H61: =INDEX('Master Database'!$AM:$AM,MATCH(B61,'Master Database'!$A:$A,0)) -> 33 | I61: =IF(H61>=80,"A",IF(H61>=60,"B","C")) -> C | K61: Not Available | L61: Property management, Marketing & leasing, Social media management, Content & photography, Integrated services | M61: Medium | N61: High
A62: 61 | B62: KHB-070 | C62: Daar Residence Compound | D62: Al Khobar | F62: Mixed Residential Compound | H62: =INDEX('Master Database'!$AM:$AM,MATCH(B62,'Master Database'!$A:$A,0)) -> 33 | I62: =IF(H62>=80,"A",IF(H62>=60,"B","C")) -> C | K62: Not Available | L62: Property management, Marketing & leasing, Social media management, Content & photography, Integrated services | M62: Medium | N62: High
A63: 62 | B63: KHB-052 | C63: Emad Compound | D63: Al Khobar | E63: Al Rakah | F63: Apartment Compound | H63: =INDEX('Master Database'!$AM:$AM,MATCH(B63,'Master Database'!$A:$A,0)) -> 33 | I63: =IF(H63>=80,"A",IF(H63>=60,"B","C")) -> C | K63: Not Available | L63: Property management, Marketing & leasing, Social media management, Content & photography, Integrated services | M63: Medium | N63: High
A64: 63 | B64: KHB-072 | C64: Jadawel Compound | D64: Al Khobar | E64: Near Dhahran Expo (Dammam Highway) | F64: Mixed Residential Compound | H64: =INDEX('Master Database'!$AM:$AM,MATCH(B64,'Master Database'!$A:$A,0)) -> 33 | I64: =IF(H64>=80,"A",IF(H64>=60,"B","C")) -> C | K64: Not Available | L64: Property management, Marketing & leasing, Social media management, Content & photography, Integrated services | M64: Medium | N64: High
A65: 64 | B65: KHB-073 | C65: Marbella Compound | D65: Dhahran (Greater Khobar) | E65: Doha area | F65: Mixed Residential Compound | H65: =INDEX('Master Database'!$AM:$AM,MATCH(B65,'Master Database'!$A:$A,0)) -> 33 | I65: =IF(H65>=80,"A",IF(H65>=60,"B","C")) -> C | K65: Not Available | L65: Property management, Marketing & leasing, Social media management, Content & photography, Integrated services | M65: Medium | N65: High
A66: 65 | B66: KHB-062 | C66: Meadow Park (Medo Park) Compound | D66: Al Khobar | E66: Al Jawhara (Golden Belt) | F66: Mixed Residential Compound | H66: =INDEX('Master Database'!$AM:$AM,MATCH(B66,'Master Database'!$A:$A,0)) -> 33 | I66: =IF(H66>=80,"A",IF(H66>=60,"B","C")) -> C | K66: Not Available | L66: Property management, Marketing & leasing, Social media management, Content & photography, Integrated services | M66: Medium | N66: High
A67: 66 | B67: KHB-074 | C67: Mira Mar Compound | D67: Al Khobar | E67: Al Rakah (Prince Sultan St) | F67: Mixed Residential Compound | H67: =INDEX('Master Database'!$AM:$AM,MATCH(B67,'Master Database'!$A:$A,0)) -> 33 | I67: =IF(H67>=80,"A",IF(H67>=60,"B","C")) -> C | K67: Not Available | L67: Property management, Marketing & leasing, Social media management, Content & photography, Integrated services | M67: Medium | N67: High
A68: 67 | B68: KHB-063 | C68: Nasamat Residence | D68: Al Khobar | E68: Al Tahliyah (Aziziyah) | F68: Staff Accommodation | H68: =INDEX('Master Database'!$AM:$AM,MATCH(B68,'Master Database'!$A:$A,0)) -> 33 | I68: =IF(H68>=80,"A",IF(H68>=60,"B","C")) -> C | K68: Not Available | L68: Property management, Marketing & leasing, Social media management, Content & photography, Integrated services | M68: Medium | N68: High
A69: 68 | B69: KHB-020 | C69: Qurtuba Residential Complex | D69: Al Khobar | E69: Qurtubah (Prince Sultan Rd) | F69: Apartment Compound | G69: 46 | H69: =INDEX('Master Database'!$AM:$AM,MATCH(B69,'Master Database'!$A:$A,0)) -> 33 | I69: =IF(H69>=80,"A",IF(H69>=60,"B","C")) -> C | K69: Not Available | L69: Property management, Marketing & leasing, Social media management, Content & photography, Integrated services | M69: Medium | N69: High
A70: 69 | B70: KHB-075 | C70: Sanus Compound | D70: Al Khobar | E70: Al Rakah Al Janubiyah | F70: Villa Compound | H70: =INDEX('Master Database'!$AM:$AM,MATCH(B70,'Master Database'!$A:$A,0)) -> 33 | I70: =IF(H70>=80,"A",IF(H70>=60,"B","C")) -> C | K70: Not Available | L70: Property management, Marketing & leasing, Social media management, Content & photography, Integrated services | M70: Medium | N70: High
